INSERT INTO Car (id, make, model, year, color, price, mileage, fuelType, transmission)
VALUES
  (1, 'Toyota', 'Camry', 2018, 'Silver', 20000.00, 35000, 'Gasoline', 'Automatic'),
  (2, 'Honda', 'Civic', 2019, 'Red', 18000.00, 25000, 'Gasoline', 'Automatic'),
  (3, 'Ford', 'Mustang', 2020, 'Black', 35000.00, 15000, 'Gasoline', 'Manual'),
  (4, 'Chevrolet', 'Cruze', 2017, 'Blue', 15000.00, 40000, 'Gasoline', 'Automatic'),
  (5, 'BMW', 'X5', 2019, 'White', 50000.00, 20000, 'Diesel', 'Automatic'),
  (6, 'Nissan', 'Altima', 2016, 'Gray', 14000.00, 45000, 'Gasoline', 'Automatic'),
  (7, 'Mercedes-Benz', 'C-Class', 2021, 'Silver', 60000.00, 10000, 'Gasoline', 'Automatic'),
  (8, 'Audi', 'A4', 2019, 'Black', 38000.00, 22000, 'Gasoline', 'Automatic'),
  (9, 'Volkswagen', 'Golf', 2017, 'White', 16000.00, 32000, 'Gasoline', 'Automatic'),
  (10, 'Hyundai', 'Elantra', 2020, 'Blue', 20000.00, 18000, 'Gasoline', 'Automatic'),
  (11, 'Kia', 'Sorento', 2019, 'Silver', 25000.00, 28000, 'Gasoline', 'Automatic'),
  (12, 'Subaru', 'Forester', 2018, 'Green', 23000.00, 30000, 'Gasoline', 'Automatic'),
  (13, 'Lexus', 'RX', 2020, 'White', 45000.00, 15000, 'Gasoline', 'Automatic'),
  (14, 'Mazda', 'CX-5', 2017, 'Red', 21000.00, 35000, 'Gasoline', 'Automatic'),
  (15, 'Jeep', 'Wrangler', 2021, 'Gray', 35000.00, 8000, 'Gasoline', 'Manual'),
  (16, 'GMC', 'Sierra', 2019, 'Black', 40000.00, 25000, 'Gasoline', 'Automatic'),
  (17, 'Chrysler', '300', 2018, 'Silver', 28000.00, 30000, 'Gasoline', 'Automatic'),
  (18, 'Tesla', 'Model 3', 2021, 'Blue', 55000.00, 10000, 'Electric', 'Automatic'),
  (19, 'Volvo', 'XC60', 2019, 'White', 42000.00, 18000, 'Gasoline', 'Automatic'),
  (20, 'Jaguar', 'F-PACE', 2017, 'Black', 48000.00, 35000, 'Gasoline', 'Automatic'),
  (21, 'Land Rover', 'Range Rover', 2020, 'Silver', 80000.00, 12000, 'Gasoline', 'Automatic'),
  (22, 'Porsche', '911', 2018, 'Red', 100000.00, 8000, 'Gasoline', 'Manual'),
  (23, 'Acura', 'MDX', 2019, 'Gray', 38000.00, 22000, 'Gasoline', 'Automatic'),
  (24, 'Infiniti', 'Q50', 2017, 'White', 28000.00, 30000, 'Gasoline', 'Automatic'),
  (25, 'Mitsubishi', 'Outlander', 2020, 'Silver', 24000.00, 18000, 'Gasoline', 'Automatic'),
  (26, 'Buick', 'Enclave', 2018, 'Black', 36000.00, 25000, 'Gasoline', 'Automatic'),
  (27, 'Cadillac', 'Escalade', 2019, 'White', 75000.00, 15000, 'Gasoline', 'Automatic'),
  (28, 'Lincoln', 'Navigator', 2021, 'Blue', 90000.00, 8000, 'Gasoline', 'Automatic'),
  (29, 'Ferrari', '488 GTB', 2020, 'Yellow', 300000.00, 5000, 'Gasoline', 'Automatic'),
  (30, 'Lamborghini', 'Huracan', 2018, 'Orange', 280000.00, 10000, 'Gasoline', 'Automatic'),
  (31, 'Maserati', 'Ghibli', 2019, 'Black', 60000.00, 15000, 'Gasoline', 'Automatic'),
  (32, 'Rolls-Royce', 'Phantom', 2020, 'Silver', 500000.00, 5000, 'Gasoline', 'Automatic'),
  (33, 'Bentley', 'Continental GT', 2018, 'White', 350000.00, 10000, 'Gasoline', 'Automatic'),
  (34, 'Aston Martin', 'DB11', 2019, 'Blue', 280000.00, 15000, 'Gasoline', 'Automatic'),
  (35, 'McLaren', '720S', 2020, 'Red', 400000.00, 8000, 'Gasoline', 'Automatic'),
  (36, 'Bugatti', 'Chiron', 2021, 'Black', 3000000.00, 500, 'Gasoline', 'Automatic'),
  (37, 'Alfa Romeo', 'Giulia', 2018, 'Gray', 40000.00, 22000, 'Gasoline', 'Automatic'),
  (38, 'Genesis', 'G80', 2019, 'Silver', 45000.00, 18000, 'Gasoline', 'Automatic'),
  (39, 'Mini', 'Cooper', 2017, 'Green', 25000.00, 35000, 'Gasoline', 'Automatic'),
  (40, 'Fiat', '500', 2020, 'Red', 18000.00, 15000, 'Gasoline', 'Automatic'),
  (41, 'Smart', 'Fortwo', 2018, 'White', 12000.00, 25000, 'Gasoline', 'Automatic'),
  (42, 'Renault', 'Clio', 2019, 'Blue', 14000.00, 22000, 'Gasoline', 'Manual'),
  (43, 'Peugeot', '308', 2017, 'Gray', 16000.00, 30000, 'Gasoline', 'Manual'),
  (44, 'Citroen', 'C3', 2020, 'Red', 18000.00, 18000, 'Gasoline', 'Automatic'),
  (45, 'Vauxhall', 'Corsa', 2018, 'Black', 14000.00, 25000, 'Gasoline', 'Manual'),
  (46, 'Skoda', 'Octavia', 2019, 'Silver', 20000.00, 22000, 'Gasoline', 'Automatic'),
  (47, 'Seat', 'Leon', 2017, 'White', 16000.00, 30000, 'Gasoline', 'Manual'),
  (48, 'Dacia', 'Sandero', 2020, 'Blue', 12000.00, 18000, 'Gasoline', 'Manual'),
  (49, 'Opel', 'Astra', 2018, 'Gray', 14000.00, 25000, 'Gasoline', 'Manual'),
  (50, 'Suzuki', 'Swift', 2019, 'Red', 16000.00, 22000, 'Gasoline', 'Manual');

INSERT INTO Lexeme (id, text)
VALUES
(1, 'ai'),
(2, 'ai cập'),
(3, 'an'),
(4, 'an ninh'),
(5, 'an toàn'),
(6, 'anh'),
(7, 'anh hùng'),
(8, 'anh trai'),
(9, 'anh ấy'),
(10, 'ba'),
(11, 'ba lan'),
(12, 'ba lô'),
(13, 'bao'),
(14, 'bao gồm'),
(15, 'bay'),
(16, 'biên giới'),
(17, 'biến mất'),
(18, 'biết'),
(19, 'biển'),
(20, 'biểu tình'),
(21, 'biểu tượng'),
(22, 'bong bóng'),
(23, 'buồn'),
(24, 'buổi'),
(25, 'buổi hoà nhạc'),
(26, 'buổi sáng'),
(27, 'buổi tối'),
(28, 'buộc'),
(29, 'bà'),
(30, 'bài'),
(31, 'bài diễn văn'),
(32, 'bài giảng'),
(33, 'bài hát'),
(34, 'bài kiểm tra'),
(35, 'bài thuyết trình'),
(36, 'bàn'),
(37, 'bàn chân'),
(38, 'bàn chải'),
(39, 'bàn phím'),
(40, 'bàn tay'),
(41, 'bàn thắng'),
(42, 'bác sĩ'),
(43, 'bác sĩ thú y'),
(44, 'bán'),
(45, 'bánh'),
(46, 'bánh mì'),
(47, 'báo'),
(48, 'báo chí'),
(49, 'báo cáo'),
(50, 'bát'),
(51, 'bây giờ'),
(52, 'bãi biển'),
(53, 'bé gái'),
(54, 'béo bở'),
(55, 'bên'),
(56, 'bình luận'),
(57, 'bình thường'),
(58, 'bình tĩnh'),
(59, 'bình đẳng'),
(60, 'bí mật'),
(61, 'bò'),
(62, 'bó tay'),
(63, 'bóc lịch'),
(64, 'bóc lột'),
(65, 'bóng'),
(66, 'bóng bầu dục'),
(67, 'bóng chuyền'),
(68, 'bóng rổ'),
(69, 'búa'),
(70, 'bút chì'),
(71, 'bơi'),
(72, 'bưng bít'),
(73, 'bưu điện'),
(74, 'bướng bỉnh'),
(75, 'bạn'),
(76, 'bạn gái'),
(77, 'bạn học'),
(78, 'bạn trai'),
(79, 'bạo lực'),
(80, 'bản'),
(81, 'bản thân'),
(82, 'bản án'),
(83, 'bản đồ'),
(84, 'bảnh bao'),
(85, 'bảo hiểm'),
(86, 'bảo thủ'),
(87, 'bảo tàng'),
(88, 'bảo vệ'),
(89, 'bảy'),
(90, 'bất bình đẳng'),
(91, 'bất cẩn'),
(92, 'bất kỳ ai'),
(93, 'bất kỳ cái gì'),
(94, 'bất lịch sự'),
(95, 'bất lợi'),
(96, 'bất ngờ'),
(97, 'bất thường'),
(98, 'bầu trời'),
(99, 'bẩn tính'),
(100, 'bật'),
(101, 'bắc'),
(102, 'bắt giam'),
(103, 'bắt giữ'),
(104, 'bắt nguồn'),
(105, 'bắt đầu'),
(106, 'bằng'),
(107, 'bằng chứng'),
(108, 'bếp'),
(109, 'bệnh'),
(110, 'bệnh nhân'),
(111, 'bệnh viện'),
(112, 'bỉ'),
(113, 'bị'),
(114, 'bọn họ'),
(115, 'bỏ phiếu'),
(116, 'bố'),
(117, 'bố mẹ'),
(118, 'bốn'),
(119, 'bồ đào nha'),
(120, 'bỗng'),
(121, 'bộ'),
(122, 'bộ sưu tập'),
(123, 'bột'),
(124, 'bởi'),
(125, 'bởi vì'),
(126, 'bụ bẫm'),
(127, 'bụi bặm'),
(128, 'bức'),
(129, 'bừa bãi'),
(130, 'bữa'),
(131, 'bực bội'),
(132, 'ca'),
(133, 'ca sĩ'),
(134, 'cam'),
(135, 'canada'),
(136, 'canh'),
(137, 'cao'),
(138, 'chai'),
(139, 'chanh'),
(140, 'chay'),
(141, 'che chở'),
(142, 'chen chúc'),
(143, 'chi phí'),
(144, 'chi tiết'),
(145, 'chia buồn'),
(146, 'chia sẻ'),
(147, 'chim'),
(148, 'chim sẻ'),
(149, 'chiếc'),
(150, 'chiếc váy'),
(151, 'chiếc áo'),
(152, 'chiến dịch'),
(153, 'chiến lược'),
(154, 'chiến thuật'),
(155, 'chiến thắng'),
(156, 'chiến tranh'),
(157, 'chiến đấu'),
(158, 'chiều'),
(159, 'chiều chuộng'),
(160, 'cho'),
(161, 'cho dù'),
(162, 'cho phép'),
(163, 'cho rằng'),
(164, 'cho tôi hỏi'),
(165, 'cho đến khi'),
(166, 'chuyên nghiệp'),
(167, 'chuyến'),
(168, 'chuyến bay'),
(169, 'chuẩn bị'),
(170, 'chuối'),
(171, 'chuồn chuồn'),
(172, 'chuột'),
(173, 'chào'),
(174, 'chào mừng'),
(175, 'chào tạm biệt'),
(176, 'chân'),
(177, 'châu'),
(178, 'chìa khoá'),
(179, 'chín'),
(180, 'chín chắn'),
(181, 'chính'),
(182, 'chính phủ'),
(183, 'chính sách'),
(184, 'chính thức'),
(185, 'chính trị'),
(186, 'chính trị gia'),
(187, 'chó'),
(188, 'chùa'),
(189, 'chú'),
(190, 'chú ý'),
(191, 'chúc mừng'),
(192, 'chúc ngủ ngon'),
(193, 'chúng tôi'),
(194, 'chăm chỉ'),
(195, 'chăm sóc'),
(196, 'chơi'),
(197, 'chưa'),
(198, 'chương'),
(199, 'chương trình'),
(200, 'chạm'),
(201, 'chạy'),
(202, 'chạy trốn'),
(203, 'chấn thương'),
(204, 'chấp nhận'),
(205, 'chất lượng'),
(206, 'chậm'),
(207, 'chậm chạp'),
(208, 'chặt chém'),
(209, 'chế độ ăn kiêng'),
(210, 'chết'),
(211, 'chỉ'),
(212, 'chỉ huy'),
(213, 'chỉ trích'),
(214, 'chị'),
(215, 'chị gái'),
(216, 'chọn'),
(217, 'chống'),
(218, 'chống lại'),
(219, 'chồng'),
(220, 'chờ'),
(221, 'chợ'),
(222, 'chủ nghĩa'),
(223, 'chủ nhật'),
(224, 'chủ quyền'),
(225, 'chứa'),
(226, 'chứa chan'),
(227, 'chức vô địch'),
(228, 'chứng khoán'),
(229, 'chứng minh'),
(230, 'chữ ký'),
(231, 'chữa'),
(232, 'con'),
(233, 'con gái'),
(234, 'con người'),
(235, 'con trai'),
(236, 'con đường'),
(237, 'cuối cùng'),
(238, 'cuốn'),
(239, 'cuộc'),
(240, 'cuộc bầu cử'),
(241, 'cuộc hẹn'),
(242, 'cuộc họp'),
(243, 'cuộc phiêu lưu'),
(244, 'cuộc phỏng vấn'),
(245, 'cuộc sống'),
(246, 'cuộc thi'),
(247, 'cuộc xung đột'),
(248, 'cà chua'),
(249, 'cà phê'),
(250, 'cành'),
(251, 'cá'),
(252, 'cá heo'),
(253, 'cá mập'),
(254, 'cá nhân'),
(255, 'cá sấu'),
(256, 'các'),
(257, 'cách mạng'),
(258, 'cái'),
(259, 'cái gì đó'),
(260, 'cánh tay'),
(261, 'cánh đồng'),
(262, 'cáo'),
(263, 'cát'),
(264, 'câu'),
(265, 'câu chuyện'),
(266, 'câu hỏi'),
(267, 'câu trả lời'),
(268, 'cây'),
(269, 'cây tre'),
(270, 'cò'),
(271, 'còn hơn'),
(272, 'có'),
(273, 'có lẽ'),
(274, 'có thể'),
(275, 'có vẻ'),
(276, 'cô gái'),
(277, 'cô đơn'),
(278, 'cô ấy'),
(279, 'công'),
(280, 'công cộng'),
(281, 'công cụ tìm kiếm'),
(282, 'công dân'),
(283, 'công lý'),
(284, 'công nghiệp'),
(285, 'công nghệ'),
(286, 'công nhân'),
(287, 'công thức'),
(288, 'công ty'),
(289, 'công viên'),
(290, 'cùng'),
(291, 'cùng nhau'),
(292, 'cú'),
(293, 'cúng'),
(294, 'căn'),
(295, 'căn cứ'),
(296, 'căn nhà'),
(297, 'căng thẳng'),
(298, 'cũ'),
(299, 'cũng'),
(300, 'cũng được'),
(301, 'cơ học lượng tử'),
(302, 'cơ hội'),
(303, 'cơ sở hạ tầng'),
(304, 'cơ thể'),
(305, 'cơm'),
(306, 'cơm bụi'),
(307, 'cơn'),
(308, 'cơn bão'),
(309, 'cưới'),
(310, 'cười'),
(311, 'cạnh'),
(312, 'cạnh tranh'),
(313, 'cả'),
(314, 'cả hai'),
(315, 'cả tin'),
(316, 'cải thiện'),
(317, 'cảm cúm'),
(318, 'cảm thấy'),
(319, 'cảm ơn'),
(320, 'cảnh quan'),
(321, 'cảnh sát'),
(322, 'cấm'),
(323, 'cấp độ'),
(324, 'cần'),
(325, 'cần phải'),
(326, 'cần thiết'),
(327, 'cầu'),
(328, 'cầu nguyện'),
(329, 'cầu thủ'),
(330, 'cẩn thận'),
(331, 'cậu bé'),
(332, 'cắn'),
(333, 'cắt cổ'),
(334, 'cằn nhằn'),
(335, 'cẳng chân'),
(336, 'cỏ'),
(337, 'cố gắng'),
(338, 'cố thủ'),
(339, 'cố tình'),
(340, 'cổ'),
(341, 'cộc cằn'),
(342, 'cộng hoà'),
(343, 'cộng hoà séc'),
(344, 'cờ'),
(345, 'cởi'),
(346, 'cụ thể'),
(347, 'của'),
(348, 'cứ tự nhiên'),
(349, 'cứng đầu'),
(350, 'cứu'),
(351, 'cừu'),
(352, 'cửa'),
(353, 'cửa hàng'),
(354, 'cửa sổ'),
(355, 'da'),
(356, 'dang dở'),
(357, 'danh dự'),
(358, 'danh lam thắng cảnh'),
(359, 'danh sách'),
(360, 'dao'),
(361, 'di chúc'),
(362, 'di sản'),
(363, 'di trú'),
(364, 'di tản'),
(365, 'diều'),
(366, 'diễn'),
(367, 'diễn viên'),
(368, 'diễn viên hài'),
(369, 'diễn đàn'),
(370, 'doanh nhân'),
(371, 'doanh trại'),
(372, 'du khách'),
(373, 'du kích'),
(374, 'du lịch'),
(375, 'duy nhất'),
(376, 'duy trì'),
(377, 'dài'),
(378, 'dành'),
(379, 'dám'),
(380, 'dân chủ'),
(381, 'dân số'),
(382, 'dân thường'),
(383, 'dép'),
(384, 'dê'),
(385, 'dì'),
(386, 'dõng dạc'),
(387, 'dù sao'),
(388, 'dùng'),
(389, 'dũng cảm'),
(390, 'dơ'),
(391, 'dơi'),
(392, 'dưới'),
(393, 'dạo này bạn thế nào'),
(394, 'dạy'),
(395, 'dầu ăn'),
(396, 'dậy'),
(397, 'dễ'),
(398, 'dễ dàng'),
(399, 'dễ thương'),
(400, 'dịch bệnh'),
(401, 'dịch vụ'),
(402, 'dịu dàng'),
(403, 'dở hơi'),
(404, 'dụ dỗ'),
(405, 'dừa'),
(406, 'dừng'),
(407, 'dửng dưng'),
(408, 'dự án'),
(409, 'dự đoán'),
(410, 'em'),
(411, 'em gái'),
(412, 'em trai'),
(413, 'ga'),
(414, 'gan góc'),
(415, 'ghen tị'),
(416, 'ghi chú'),
(417, 'ghi âm'),
(418, 'ghét'),
(419, 'ghế'),
(420, 'gia nhập'),
(421, 'gia đình'),
(422, 'giai cấp'),
(423, 'giao dịch'),
(424, 'giao tiếp'),
(425, 'giàu'),
(426, 'giày'),
(427, 'giá'),
(428, 'giá trị'),
(429, 'giám đốc'),
(430, 'giáo dục'),
(431, 'giáo sư'),
(432, 'giáo viên'),
(433, 'giây'),
(434, 'gió'),
(435, 'giúp'),
(436, 'giường'),
(437, 'giải pháp'),
(438, 'giải quyết'),
(439, 'giải thích'),
(440, 'giải thưởng'),
(441, 'giảm'),
(442, 'giấu'),
(443, 'giấy'),
(444, 'giấy phép'),
(445, 'giận dữ'),
(446, 'giết'),
(447, 'giới hạn'),
(448, 'giới thiệu'),
(449, 'giờ'),
(450, 'giữ'),
(451, 'giữa'),
(452, 'gà'),
(453, 'gái'),
(454, 'gãy'),
(455, 'gì'),
(456, 'găng tay'),
(457, 'gương'),
(458, 'gấu'),
(459, 'gấu trúc'),
(460, 'gần'),
(461, 'gần như'),
(462, 'gắt gỏng'),
(463, 'gặp'),
(464, 'gặp gỡ'),
(465, 'gặp lại sau'),
(466, 'gọi'),
(467, 'gửi'),
(468, 'hai'),
(469, 'hang'),
(470, 'hay'),
(471, 'hay là'),
(472, 'heo'),
(473, 'hiếm khi'),
(474, 'hiến pháp'),
(475, 'hiểu'),
(476, 'hiện tượng'),
(477, 'hiện tại'),
(478, 'hiện đại'),
(479, 'hiệu quả'),
(480, 'hiệu sách'),
(481, 'hoa'),
(482, 'hoà bình'),
(483, 'hoàn hảo'),
(484, 'hoàn toàn'),
(485, 'hoá học'),
(486, 'hoá đơn'),
(487, 'hoãn'),
(488, 'hoạ sĩ'),
(489, 'hoặc'),
(490, 'huy chương'),
(491, 'huy động'),
(492, 'huyền bí'),
(493, 'huấn luyện viên'),
(494, 'huế'),
(495, 'hy lạp'),
(496, 'hy vọng'),
(497, 'hà nội'),
(498, 'hài hước'),
(499, 'hàn quốc'),
(500, 'hành lý'),
(501, 'hành tinh'),
(502, 'hành trình'),
(503, 'hành vi'),
(504, 'hành động'),
(505, 'hào phóng'),
(506, 'hát'),
(507, 'hân hoan'),
(508, 'hãy'),
(509, 'hè'),
(510, 'hình phạt'),
(511, 'hình thành'),
(512, 'hình ảnh'),
(513, 'hòn'),
(514, 'hòn đá'),
(515, 'hôm nay'),
(516, 'hôm qua'),
(517, 'hôn'),
(518, 'hôn nhân'),
(519, 'hơi'),
(520, 'hơn'),
(521, 'hơn nữa'),
(522, 'hướng'),
(523, 'hạnh phúc'),
(524, 'hạt nhân'),
(525, 'hải quân'),
(526, 'hậu quả'),
(527, 'hẹn gặp lại'),
(528, 'hết'),
(529, 'hết hạn'),
(530, 'hệ mặt trời'),
(531, 'hệ quả'),
(532, 'hệ thống'),
(533, 'họ'),
(534, 'họ hàng'),
(535, 'học'),
(536, 'học bổng'),
(537, 'học sinh'),
(538, 'hỏi'),
(539, 'hỏi giờ'),
(540, 'hồ sơ'),
(541, 'hồng'),
(542, 'hỗ trợ'),
(543, 'hộ chiếu'),
(544, 'hội thảo'),
(545, 'hộp'),
(546, 'hợp tác'),
(547, 'hợp đồng'),
(548, 'indonesia'),
(549, 'internet'),
(550, 'khi'),
(551, 'khi nào'),
(552, 'khiêm tốn'),
(553, 'khoa học'),
(554, 'khoai tây chiên'),
(555, 'khoá học'),
(556, 'khoảng'),
(557, 'khoảng cách'),
(558, 'khoẻ'),
(559, 'khu vực'),
(560, 'khuyên'),
(561, 'khác'),
(562, 'khách hàng'),
(563, 'khách sạn'),
(564, 'khái niệm'),
(565, 'khám'),
(566, 'khám phá'),
(567, 'khán giả'),
(568, 'khí hậu'),
(569, 'khó'),
(570, 'khó khăn'),
(571, 'khóc'),
(572, 'khói'),
(573, 'không'),
(574, 'không ai'),
(575, 'không bao giờ'),
(576, 'không có gì'),
(577, 'không gian'),
(578, 'không khí'),
(579, 'không phải'),
(580, 'không phải là'),
(581, 'không quân'),
(582, 'không thể'),
(583, 'không được'),
(584, 'khăn quàng'),
(585, 'khắc phục'),
(586, 'khẳng định'),
(587, 'khỉ'),
(588, 'khối lượng'),
(589, 'khủng bố'),
(590, 'khủng hoảng'),
(591, 'kia'),
(592, 'kinh doanh'),
(593, 'kinh nghiệm'),
(594, 'kinh phí'),
(595, 'kinh tế'),
(596, 'kiên nhẫn'),
(597, 'kiến thức'),
(598, 'kiến trúc sư'),
(599, 'kiếp'),
(600, 'kiểm soát'),
(601, 'kiểm tra'),
(602, 'kém'),
(603, 'kéo'),
(604, 'kéo dài'),
(605, 'kênh'),
(606, 'kính'),
(607, 'kính viễn vọng'),
(608, 'ký hiệu'),
(609, 'ký ức'),
(610, 'kẻ thù'),
(611, 'kẻ ác'),
(612, 'kế hoạch'),
(613, 'kế toán'),
(614, 'kết luận'),
(615, 'kết nối'),
(616, 'kết quả'),
(617, 'kết thúc'),
(618, 'kể'),
(619, 'kỹ năng'),
(620, 'kỹ sư'),
(621, 'la bàn'),
(622, 'lan truyền'),
(623, 'lang thang'),
(624, 'linh hoạt'),
(625, 'linh hồn'),
(626, 'liên hệ'),
(627, 'liềm'),
(628, 'liệt kê'),
(629, 'lo lắng'),
(630, 'loài người'),
(631, 'loại'),
(632, 'lung linh'),
(633, 'luyện'),
(634, 'luyện tập'),
(635, 'luôn'),
(636, 'luật'),
(637, 'luật sư'),
(638, 'ly'),
(639, 'ly hôn'),
(640, 'là'),
(641, 'làm'),
(642, 'làm phiền'),
(643, 'làm sao'),
(644, 'làm việc'),
(645, 'làm ăn'),
(646, 'làm ơn'),
(647, 'làng'),
(648, 'lá'),
(649, 'lá bùa'),
(650, 'lái'),
(651, 'lâu đài'),
(652, 'lây lan'),
(653, 'lên'),
(654, 'lì xì'),
(655, 'lính'),
(656, 'lúc'),
(657, 'lúc này'),
(658, 'lý do'),
(659, 'lăm'),
(660, 'lơ lửng'),
(661, 'lưng'),
(662, 'lương tâm'),
(663, 'lười biếng'),
(664, 'lưỡi'),
(665, 'lưỡng lự'),
(666, 'lược'),
(667, 'lượng mưa'),
(668, 'lượt'),
(669, 'lạ'),
(670, 'lạc'),
(671, 'lạc quan'),
(672, 'lạc đà'),
(673, 'lại'),
(674, 'lạnh'),
(675, 'lạnh lùng'),
(676, 'lấy'),
(677, 'lần'),
(678, 'lắng nghe'),
(679, 'lặng lẽ'),
(680, 'lặp lại'),
(681, 'lẻ'),
(682, 'lễ hội'),
(683, 'lệ phí'),
(684, 'lịch'),
(685, 'lịch sử'),
(686, 'lịch sự'),
(687, 'lối thoát'),
(688, 'lỗi'),
(689, 'lớn'),
(690, 'lớp học'),
(691, 'lời nguyền'),
(692, 'lợi'),
(693, 'lợi nhuận'),
(694, 'lợi thế'),
(695, 'lửa'),
(696, 'lựa chọn'),
(697, 'lực lượng'),
(698, 'ma'),
(699, 'mang'),
(700, 'may mắn'),
(701, 'miệng'),
(702, 'mua'),
(703, 'mua sắm'),
(704, 'muối'),
(705, 'muốn'),
(706, 'muỗi'),
(707, 'muỗng'),
(708, 'mà'),
(709, 'mà còn'),
(710, 'màn hình'),
(711, 'màu'),
(712, 'máu'),
(713, 'máy'),
(714, 'máy bay'),
(715, 'máy giặt'),
(716, 'máy tính'),
(717, 'máy tính bảng'),
(718, 'máy ảnh'),
(719, 'mây'),
(720, 'mèo'),
(721, 'mét'),
(722, 'mê tín'),
(723, 'mì'),
(724, 'mì ý'),
(725, 'mì ăn liền'),
(726, 'mình'),
(727, 'món'),
(728, 'môi trường'),
(729, 'môn'),
(730, 'mùa'),
(731, 'múa'),
(732, 'múa rối nước'),
(733, 'mũ'),
(734, 'mũi'),
(735, 'mơ'),
(736, 'mưa'),
(737, 'mười'),
(738, 'mạng'),
(739, 'mạng lưới'),
(740, 'mạng xã hội'),
(741, 'mạnh mẽ'),
(742, 'mất'),
(743, 'mấy giờ'),
(744, 'mẫu giáo'),
(745, 'mẫu vật'),
(746, 'mật khẩu'),
(747, 'mắt'),
(748, 'mặc'),
(749, 'mặc dù'),
(750, 'mặt'),
(751, 'mặt trăng'),
(752, 'mặt trời'),
(753, 'mẹ'),
(754, 'mệt mỏi'),
(755, 'mọi'),
(756, 'mọi người'),
(757, 'mọi thứ'),
(758, 'mối quan hệ'),
(759, 'mối đe doạ'),
(760, 'mốt'),
(761, 'mồ côi'),
(762, 'mỗi'),
(763, 'một'),
(764, 'một ai đó'),
(765, 'một chút'),
(766, 'một cách'),
(767, 'một khi'),
(768, 'mới'),
(769, 'mời'),
(770, 'mở'),
(771, 'mục đích'),
(772, 'nam'),
(773, 'nam châm'),
(774, 'nam cực'),
(775, 'nam phi'),
(776, 'nay'),
(777, 'nga'),
(778, 'ngay lập tức'),
(779, 'nghe'),
(780, 'nghiêm trọng'),
(781, 'nghiêm túc'),
(782, 'nghiên cứu'),
(783, 'nghiên cứu sinh'),
(784, 'nghèo'),
(785, 'nghìn'),
(786, 'nghĩ'),
(787, 'nghĩa vụ'),
(788, 'nghề nghiệp'),
(789, 'nghệ sĩ'),
(790, 'nghệ thuật'),
(791, 'ngoan'),
(792, 'ngon'),
(793, 'ngoài'),
(794, 'ngoại trừ'),
(795, 'ngu ngốc'),
(796, 'nguy hiểm'),
(797, 'nguyên nhân'),
(798, 'nguồn gốc'),
(799, 'ngành'),
(800, 'ngày'),
(801, 'ngày mai'),
(802, 'ngày sinh'),
(803, 'ngân hàng'),
(804, 'ngã'),
(805, 'ngón tay'),
(806, 'ngôi'),
(807, 'ngôi sao'),
(808, 'ngôi trường'),
(809, 'ngôn ngữ'),
(810, 'ngư dân'),
(811, 'người'),
(812, 'người chiến thắng'),
(813, 'người mẫu'),
(814, 'người tị nạn'),
(815, 'ngưỡng mộ'),
(816, 'ngẩn ngơ'),
(817, 'ngắn'),
(818, 'ngọn đồi'),
(819, 'ngồi'),
(820, 'ngủ'),
(821, 'ngựa'),
(822, 'ngực'),
(823, 'nha sĩ'),
(824, 'nhanh'),
(825, 'nhanh lên'),
(826, 'nhanh nhẹn'),
(827, 'nhiếp ảnh'),
(828, 'nhiều'),
(829, 'nhiệt độ'),
(830, 'nhà'),
(831, 'nhà báo'),
(832, 'nhà ga'),
(833, 'nhà hàng'),
(834, 'nhà hát'),
(835, 'nhà khoa học'),
(836, 'nhà lãnh đạo'),
(837, 'nhà nghiên cứu'),
(838, 'nhà sư'),
(839, 'nhà sử học'),
(840, 'nhà thiết kế'),
(841, 'nhà thơ'),
(842, 'nhà thờ'),
(843, 'nhà toán học'),
(844, 'nhà triết học'),
(845, 'nhà tù'),
(846, 'nhà văn'),
(847, 'nhà vệ sinh'),
(848, 'nhân viên'),
(849, 'nhãn hiệu'),
(850, 'nhìn'),
(851, 'nhóm'),
(852, 'như'),
(853, 'như vậy'),
(854, 'nhưng'),
(855, 'nhạc'),
(856, 'nhạc sĩ'),
(857, 'nhạt'),
(858, 'nhảy'),
(859, 'nhấc'),
(860, 'nhất'),
(861, 'nhẫn'),
(862, 'nhận gạch'),
(863, 'nhận ra'),
(864, 'nhận được'),
(865, 'nhập khẩu'),
(866, 'nhật'),
(867, 'Nhật'),
(868, 'nhật ký'),
(869, 'nhắc đến'),
(870, 'nhắm'),
(871, 'nhện'),
(872, 'nhỏ'),
(873, 'nhớ'),
(874, 'niềm hy vọng'),
(875, 'niềm tin'),
(876, 'niềm vui'),
(877, 'no'),
(878, 'nào'),
(879, 'này'),
(880, 'nâu'),
(881, 'não'),
(882, 'nên'),
(883, 'nó'),
(884, 'nói'),
(885, 'nói chung'),
(886, 'nón lá'),
(887, 'nóng'),
(888, 'nô lệ'),
(889, 'nông dân'),
(890, 'nông trại'),
(891, 'núi'),
(892, 'núi lửa'),
(893, 'núp'),
(894, 'năm'),
(895, 'năm ngoái'),
(896, 'năm ánh sáng'),
(897, 'năng lượng'),
(898, 'nơi'),
(899, 'nước'),
(900, 'nước ép'),
(901, 'nấm'),
(902, 'nấu'),
(903, 'nấu ăn'),
(904, 'nặng'),
(905, 'nặng nề'),
(906, 'nếu'),
(907, 'nền'),
(908, 'nền tảng'),
(909, 'nền văn minh'),
(910, 'nồng nàn'),
(911, 'nổ'),
(912, 'nổi bật'),
(913, 'nổi dậy'),
(914, 'nổi tiếng'),
(915, 'nỗ lực'),
(916, 'nội chiến'),
(917, 'nội dung'),
(918, 'nội địa'),
(919, 'nụ cười'),
(920, 'nửa'),
(921, 'nữ hoàng'),
(922, 'ong'),
(923, 'phi'),
(924, 'phim'),
(925, 'phiên bản'),
(926, 'phong cách'),
(927, 'phong kiến'),
(928, 'phong tục'),
(929, 'phà'),
(930, 'phá sản'),
(931, 'Pháp'),
(932, 'phát hiện'),
(933, 'phát huy'),
(934, 'phát minh'),
(935, 'phát triển'),
(936, 'phân biệt'),
(937, 'phép thuật'),
(938, 'phía sau'),
(939, 'phía trước'),
(940, 'phòng'),
(941, 'phòng khách'),
(942, 'phòng ngủ'),
(943, 'phòng thí nghiệm'),
(944, 'phòng thủ'),
(945, 'phòng tắm'),
(946, 'phóng viên'),
(947, 'phù hợp'),
(948, 'phúc lợi'),
(949, 'phút'),
(950, 'phương pháp'),
(951, 'phường'),
(952, 'phải'),
(953, 'phải không'),
(954, 'phản bội'),
(955, 'phản hồi'),
(956, 'phần lan'),
(957, 'phổ biến'),
(958, 'phở'),
(959, 'phụ nữ'),
(960, 'phục kích'),
(961, 'phức tạp'),
(962, 'pin'),
(963, 'qua đời'),
(964, 'quan trọng'),
(965, 'quan tâm'),
(966, 'quen thuộc'),
(967, 'quyết định'),
(968, 'quyền'),
(969, 'quyền lực'),
(970, 'quyển'),
(971, 'quà'),
(972, 'quá'),
(973, 'quá khứ'),
(974, 'quán cà phê'),
(975, 'quân phục'),
(976, 'quân sự'),
(977, 'quân đội'),
(978, 'quên'),
(979, 'quý giá'),
(980, 'quạt'),
(981, 'quả'),
(982, 'quản lý'),
(983, 'quảng cáo'),
(984, 'quảng trường'),
(985, 'quần'),
(986, 'quần vợt'),
(987, 'quận'),
(988, 'quốc gia'),
(989, 'quốc hội'),
(990, 'quốc tế'),
(991, 'quốc tịch'),
(992, 'quỹ'),
(993, 'rau'),
(994, 'ria mép'),
(995, 'run lập cập'),
(996, 'ràng buộc'),
(997, 'rõ ràng'),
(998, 'rùa'),
(999, 'răng'),
(1000, 'rưỡi'),
(1001, 'rượu'),
(1002, 'rạp phim'),
(1003, 'rất'),
(1004, 'rắn'),
(1005, 'rằng'),
(1006, 'rẻ'),
(1007, 'rễ'),
(1008, 'rồi'),
(1009, 'rồng'),
(1010, 'rộn ràng'),
(1011, 'rộng'),
(1012, 'rủi ro'),
(1013, 'rừng'),
(1014, 'rửa'),
(1015, 'sai'),
(1016, 'sao'),
(1017, 'sao diêm vương'),
(1018, 'sao hoả'),
(1019, 'sao hải vương'),
(1020, 'sao kim'),
(1021, 'sao mộc'),
(1022, 'sao thiên vương'),
(1023, 'sao thuỷ'),
(1024, 'sao thổ'),
(1025, 'sau'),
(1026, 'sau khi'),
(1027, 'say'),
(1028, 'sinh học'),
(1029, 'sinh viên'),
(1030, 'siêng năng'),
(1031, 'siêu thị'),
(1032, 'so sánh'),
(1033, 'so với'),
(1034, 'suýt'),
(1035, 'sài gòn'),
(1036, 'sách'),
(1037, 'sáng'),
(1038, 'sáo'),
(1039, 'sáu'),
(1040, 'sân'),
(1041, 'sân bay'),
(1042, 'sân vận động'),
(1043, 'séc'),
(1044, 'sói'),
(1045, 'sóng'),
(1046, 'sông'),
(1047, 'súng'),
(1048, 'súp'),
(1049, 'sản phẩm'),
(1050, 'sản xuất'),
(1051, 'sấm sét'),
(1052, 'sẵn sàng'),
(1053, 'sẽ'),
(1054, 'số'),
(1055, 'số lượng'),
(1056, 'số phận'),
(1057, 'sống'),
(1058, 'sớm'),
(1059, 'sở hữu'),
(1060, 'sở thú'),
(1061, 'sợ'),
(1062, 'sợi dây'),
(1063, 'sụp đổ'),
(1064, 'sức khoẻ'),
(1065, 'sức mạnh'),
(1066, 'sừng'),
(1067, 'sử dụng'),
(1068, 'sửa'),
(1069, 'sữa'),
(1070, 'sự'),
(1071, 'sự bảo vệ'),
(1072, 'sự bắt đầu'),
(1073, 'sự cố gắng'),
(1074, 'sự giàu có'),
(1075, 'sự kiên nhẫn'),
(1076, 'sự kiện'),
(1077, 'sự lịch sự'),
(1078, 'sự lựa chọn'),
(1079, 'sự nghiêm túc'),
(1080, 'sự nghiệp'),
(1081, 'sự phức tạp'),
(1082, 'sự sợ hãi'),
(1083, 'sự thay đổi'),
(1084, 'sự thành công'),
(1085, 'sự thân thiện'),
(1086, 'sự thật'),
(1087, 'sự điều trị'),
(1088, 'sự đơn giản'),
(1089, 'sự đầu tư'),
(1090, 'sự đồng ý'),
(1091, 'sự ủng hộ'),
(1092, 'tai'),
(1093, 'tai nạn'),
(1094, 'tha thứ'),
(1095, 'tham gia'),
(1096, 'tham lam'),
(1097, 'tham nhũng'),
(1098, 'thang'),
(1099, 'thay đổi'),
(1100, 'theo'),
(1101, 'thiên hà'),
(1102, 'thiên nhiên'),
(1103, 'thiên niên kỷ'),
(1104, 'thiên thạch'),
(1105, 'thiên thần'),
(1106, 'thiên văn học'),
(1107, 'thiên đường'),
(1108, 'thiết bị'),
(1109, 'thiết giáp'),
(1110, 'thiết kế'),
(1111, 'thiệp'),
(1112, 'thiệt hại'),
(1113, 'thoả mãn'),
(1114, 'thoả thuận'),
(1115, 'thu'),
(1116, 'thu hút'),
(1117, 'thung lũng'),
(1118, 'thuyết'),
(1119, 'thuyền trưởng'),
(1120, 'thuế'),
(1121, 'thuốc'),
(1122, 'thuốc lá'),
(1123, 'thuộc về'),
(1124, 'thuộc địa'),
(1125, 'thuỵ sĩ'),
(1126, 'thuỵ điển'),
(1127, 'thuỷ thủ'),
(1128, 'thà'),
(1129, 'thành công'),
(1130, 'thành phố'),
(1131, 'thành tích'),
(1132, 'thành viên'),
(1133, 'thái lan'),
(1134, 'thái độ'),
(1135, 'tháng'),
(1136, 'tháng một'),
(1137, 'tháng tư'),
(1138, 'thân thiện'),
(1139, 'thì'),
(1140, 'thí nghiệm'),
(1141, 'thích'),
(1142, 'thích hợp'),
(1143, 'thông báo'),
(1144, 'thông dịch viên'),
(1145, 'thông minh'),
(1146, 'thông tin'),
(1147, 'thăm'),
(1148, 'thơ'),
(1149, 'thư'),
(1150, 'thư ký'),
(1151, 'thư viện'),
(1152, 'thường xuyên'),
(1153, 'thảo luận'),
(1154, 'thấp'),
(1155, 'thất bại'),
(1156, 'thất vọng'),
(1157, 'thấy'),
(1158, 'thần thoại'),
(1159, 'thầy bói'),
(1160, 'thậm chí'),
(1161, 'thập niên'),
(1162, 'thật'),
(1163, 'thật không'),
(1164, 'thật là'),
(1165, 'thật sự'),
(1166, 'thắng'),
(1167, 'thắt lưng'),
(1168, 'thẻ tín dụng'),
(1169, 'thế giới'),
(1170, 'thế hệ'),
(1171, 'thế kỷ'),
(1172, 'thế nào'),
(1173, 'thể thao'),
(1174, 'thể tích'),
(1175, 'thị lực'),
(1176, 'thị thực'),
(1177, 'thị trường'),
(1178, 'thị trưởng'),
(1179, 'thị trấn'),
(1180, 'thịt'),
(1181, 'thỏ'),
(1182, 'thống nhất'),
(1183, 'thổ nhĩ kỳ'),
(1184, 'thờ'),
(1185, 'thời gian'),
(1186, 'thời sự'),
(1187, 'thời tiết'),
(1188, 'thời trang'),
(1189, 'thợ làm tóc'),
(1190, 'thợ mộc'),
(1191, 'thủ thư'),
(1192, 'thủ đô'),
(1193, 'thứ'),
(1194, 'thứ tư'),
(1195, 'thức khuya'),
(1196, 'thức trắng đêm'),
(1197, 'thức ăn'),
(1198, 'thử'),
(1199, 'thử thách'),
(1200, 'thực vật'),
(1201, 'thực đơn'),
(1202, 'tin'),
(1203, 'tin nhắn'),
(1204, 'tivi'),
(1205, 'tiếng'),
(1206, 'tiếp tục'),
(1207, 'tiền'),
(1208, 'tiền mặt'),
(1209, 'tiền tệ'),
(1210, 'tiểu đoàn'),
(1211, 'tiệm bánh'),
(1212, 'tiện lợi'),
(1213, 'toà nhà'),
(1214, 'toà án'),
(1215, 'toàn cầu hoá'),
(1216, 'toán'),
(1217, 'toả sáng'),
(1218, 'trai'),
(1219, 'trang bị'),
(1220, 'tre'),
(1221, 'triết học'),
(1222, 'triều đại'),
(1223, 'triệu'),
(1224, 'trong'),
(1225, 'trong khi'),
(1226, 'Trung Quốc'),
(1227, 'trung thực'),
(1228, 'trung tâm'),
(1229, 'trung tâm thương mại'),
(1230, 'truyền thuyết'),
(1231, 'truyền thông'),
(1232, 'truyền thống'),
(1233, 'truyện kiều'),
(1234, 'trà'),
(1235, 'trách nhiệm'),
(1236, 'trái'),
(1237, 'trái cây'),
(1238, 'trái tim'),
(1239, 'trái đất'),
(1240, 'trâu'),
(1241, 'trên'),
(1242, 'trình độ'),
(1243, 'trò chơi'),
(1244, 'trúng gió'),
(1245, 'trăm'),
(1246, 'trưa'),
(1247, 'trước'),
(1248, 'trước khi'),
(1249, 'trường'),
(1250, 'trường hợp'),
(1251, 'trường hợp khẩn cấp'),
(1252, 'trưởng thành'),
(1253, 'trạm'),
(1254, 'trạm xe buýt'),
(1255, 'trạng thái'),
(1256, 'trả lời'),
(1257, 'trầu'),
(1258, 'trận chiến'),
(1259, 'trận đấu'),
(1260, 'trắng'),
(1261, 'trẻ'),
(1262, 'trọng lượng'),
(1263, 'trọng tài'),
(1264, 'trốn thuế'),
(1265, 'trống rỗng'),
(1266, 'trống đồng'),
(1267, 'trồng'),
(1268, 'trộn'),
(1269, 'trời'),
(1270, 'trở lại'),
(1271, 'trở nên'),
(1272, 'trở thành'),
(1273, 'trở về'),
(1274, 'trụ sở chính'),
(1275, 'trứng'),
(1276, 'trừ khi'),
(1277, 'trừng phạt'),
(1278, 'trực thăng'),
(1279, 'trực tuyến'),
(1280, 'tuy'),
(1281, 'tuy nhiên'),
(1282, 'tuyên bố'),
(1283, 'tuyên chiến'),
(1284, 'tuyên truyền'),
(1285, 'tuyệt vời'),
(1286, 'tuyệt đối'),
(1287, 'tuần'),
(1288, 'tuổi'),
(1289, 'tài khoản'),
(1290, 'tài xế'),
(1291, 'tàn phá'),
(1292, 'tàng hình'),
(1293, 'tàu chiến'),
(1294, 'tàu hoả'),
(1295, 'tàu ngầm'),
(1296, 'tàu thuỷ'),
(1297, 'tàu vũ trụ'),
(1298, 'tác giả'),
(1299, 'tách'),
(1300, 'tám'),
(1301, 'táo'),
(1302, 'tâm trí'),
(1303, 'tây'),
(1304, 'tây ba lô'),
(1305, 'Tây Ban Nha'),
(1306, 'tê giác'),
(1307, 'tên'),
(1308, 'tên lửa'),
(1309, 'tìm'),
(1310, 'tìm hiểu'),
(1311, 'tìm ra'),
(1312, 'tình bạn'),
(1313, 'tình huống'),
(1314, 'tình hình'),
(1315, 'tình yêu'),
(1316, 'tích cực'),
(1317, 'tím'),
(1318, 'tín hiệu'),
(1319, 'tính cách'),
(1320, 'tính nhân đạo'),
(1321, 'tính thực tế'),
(1322, 'tò mò'),
(1323, 'tóc'),
(1324, 'tôi'),
(1325, 'tôn giáo'),
(1326, 'tôn trọng'),
(1327, 'tù'),
(1328, 'tù binh'),
(1329, 'túi'),
(1330, 'tăng'),
(1331, 'tư'),
(1332, 'tư bản'),
(1333, 'tư nhân'),
(1334, 'tương lai'),
(1335, 'tượng đài'),
(1336, 'tại'),
(1337, 'tạm biệt'),
(1338, 'tạm thời'),
(1339, 'tạo ra'),
(1340, 'tạp chí'),
(1341, 'tấm'),
(1342, 'tấn công'),
(1343, 'tất'),
(1344, 'tất cả'),
(1345, 'tầm nhìn'),
(1346, 'tập'),
(1347, 'tập trung'),
(1348, 'tập đoàn'),
(1349, 'tắm'),
(1350, 'tắt'),
(1351, 'tặng'),
(1352, 'tết'),
(1353, 'tệ'),
(1354, 'tốc độ'),
(1355, 'tối'),
(1356, 'tối nay'),
(1357, 'tối thiểu'),
(1358, 'tối đa'),
(1359, 'tốt'),
(1360, 'tồn tại'),
(1361, 'tổ chức'),
(1362, 'tổ tiên'),
(1363, 'tổng cộng'),
(1364, 'tổng thống'),
(1365, 'tội phạm'),
(1366, 'tờ'),
(1367, 'tờ giấy'),
(1368, 'tủ lạnh'),
(1369, 'từ'),
(1370, 'từ chức'),
(1371, 'từ điển'),
(1372, 'tử tế'),
(1373, 'tử vi'),
(1374, 'tự'),
(1375, 'tự do'),
(1376, 'tự hào'),
(1377, 'tự mình'),
(1378, 'tự tin'),
(1379, 'tỷ'),
(1380, 'tỷ giá'),
(1381, 'tỷ lệ'),
(1382, 'ung thư'),
(1383, 'uống'),
(1384, 'uỷ ban'),
(1385, 'vai trò'),
(1386, 'ven biển'),
(1387, 'vinh quang'),
(1388, 'viêm màng túi'),
(1389, 'viết'),
(1390, 'việc'),
(1391, 'viện'),
(1392, 'việt'),
(1393, 'việt nam'),
(1394, 'voi'),
(1395, 'vua'),
(1396, 'vui lòng cho'),
(1397, 'vui vẻ'),
(1398, 'và'),
(1399, 'vàng'),
(1400, 'vào'),
(1401, 'váy'),
(1402, 'vâng'),
(1403, 'vâng lời'),
(1404, 'vé'),
(1405, 'vì'),
(1406, 'ví'),
(1407, 'ví dụ'),
(1408, 'vô nghĩa'),
(1409, 'vùng'),
(1410, 'văn bản'),
(1411, 'văn hoá'),
(1412, 'văn học'),
(1413, 'văn phòng'),
(1414, 'vĩ cầm'),
(1415, 'vĩnh viễn'),
(1416, 'vũ khí'),
(1417, 'vũ trang'),
(1418, 'vũ trụ'),
(1419, 'vấn đề'),
(1420, 'vẫn'),
(1421, 'vận tốc'),
(1422, 'vận động viên'),
(1423, 'vật chất'),
(1424, 'vật lý'),
(1425, 'vật thể'),
(1426, 'vậy'),
(1427, 'vậy mà'),
(1428, 'vậy nên'),
(1429, 'vẹt'),
(1430, 'vẻ vang'),
(1431, 'vẻ đẹp'),
(1432, 'vẽ'),
(1433, 'về'),
(1434, 'vệ sinh'),
(1435, 'vệ tinh'),
(1436, 'vị'),
(1437, 'vị trí'),
(1438, 'vịnh bắc bộ'),
(1439, 'vịt'),
(1440, 'vớ vẩn'),
(1441, 'với'),
(1442, 'với nhau'),
(1443, 'vở'),
(1444, 'vợ'),
(1445, 'vừa mới'),
(1446, 'vững chắc'),
(1447, 'xa'),
(1448, 'xa xỉ'),
(1449, 'xanh da trời'),
(1450, 'xanh lá cây'),
(1451, 'xe'),
(1452, 'xe buýt'),
(1453, 'xe cấp cứu'),
(1454, 'xe hơi'),
(1455, 'xe máy'),
(1456, 'xe taxi'),
(1457, 'xe ô tô'),
(1458, 'xe đạp'),
(1459, 'xem'),
(1460, 'xin'),
(1461, 'xin chào'),
(1462, 'xin lỗi'),
(1463, 'xinh'),
(1464, 'xu thế'),
(1465, 'xung quanh'),
(1466, 'xuân'),
(1467, 'xuất bản'),
(1468, 'xuất hiện'),
(1469, 'xuất khẩu'),
(1470, 'xám'),
(1471, 'xâm lược'),
(1472, 'xây'),
(1473, 'xây dựng'),
(1474, 'xã hội'),
(1475, 'xảy ra'),
(1476, 'xấu'),
(1477, 'xấu tính'),
(1478, 'xứng đáng'),
(1479, 'y tá'),
(1480, 'yên lặng'),
(1481, 'yên tĩnh'),
(1482, 'yêu'),
(1483, 'yêu cầu'),
(1484, 'yếu tố'),
(1485, 'á'),
(1486, 'ám'),
(1487, 'ám chỉ'),
(1488, 'ánh sáng'),
(1489, 'áo'),
(1490, 'áo dài'),
(1491, 'áo lạnh'),
(1492, 'âm thanh'),
(1493, 'âu'),
(1494, 'ích kỷ'),
(1495, 'ít'),
(1496, 'ô'),
(1497, 'ôm'),
(1498, 'ông'),
(1499, 'úc'),
(1500, 'ý kiến'),
(1501, 'ý tưởng'),
(1502, 'ăn'),
(1503, 'ăn cháo đá bát'),
(1504, 'ăn năn'),
(1505, 'đa quốc gia'),
(1506, 'đam mê'),
(1507, 'đan mạch'),
(1508, 'đang'),
(1509, 'đanh đá'),
(1510, 'đau'),
(1511, 'đau đớn'),
(1512, 'đe doạ'),
(1513, 'đen'),
(1514, 'đi'),
(1515, 'đi du lịch'),
(1516, 'đi nào'),
(1517, 'điều'),
(1518, 'điều tra'),
(1519, 'điều ước'),
(1520, 'điểm'),
(1521, 'điện thoại'),
(1522, 'đo'),
(1523, 'đom đóm'),
(1524, 'đoá'),
(1525, 'đu quay'),
(1526, 'đu đủ'),
(1527, 'đuôi'),
(1528, 'đài loan'),
(1529, 'đàn'),
(1530, 'đàn ông'),
(1531, 'đá'),
(1532, 'đám cưới'),
(1533, 'đáng nể'),
(1534, 'đánh giá cao'),
(1535, 'đánh giá thấp'),
(1536, 'đáp án'),
(1537, 'đâu'),
(1538, 'đây'),
(1539, 'đã'),
(1540, 'đã từng'),
(1541, 'đèn'),
(1542, 'đình công'),
(1543, 'đó'),
(1544, 'đói'),
(1545, 'đô'),
(1546, 'đô la'),
(1547, 'đôi'),
(1548, 'đôi khi'),
(1549, 'đông'),
(1550, 'đông đúc'),
(1551, 'đúng'),
(1552, 'đăng ký'),
(1553, 'đăng nhập'),
(1554, 'đĩa'),
(1555, 'đơn giản'),
(1556, 'đưa'),
(1557, 'đường'),
(1558, 'đường hầm'),
(1559, 'đường phố'),
(1560, 'được'),
(1561, 'được không'),
(1562, 'đại diện'),
(1563, 'đại dương'),
(1564, 'đại học'),
(1565, 'đại sứ quán'),
(1566, 'đạn'),
(1567, 'đạo khổng'),
(1568, 'đạo phật'),
(1569, 'đạo đức'),
(1570, 'đảng'),
(1571, 'đảo'),
(1572, 'đất'),
(1573, 'đầm'),
(1574, 'đầu'),
(1575, 'đầu bếp'),
(1576, 'đầu hàng'),
(1577, 'đầu tiên'),
(1578, 'đầu tư'),
(1579, 'đậm'),
(1580, 'đập vỡ'),
(1581, 'đắt'),
(1582, 'đắt tiền'),
(1583, 'đặc biệt'),
(1584, 'đặt chỗ'),
(1585, 'đẹp'),
(1586, 'đến'),
(1587, 'đến từ'),
(1588, 'đề tài'),
(1589, 'đều'),
(1590, 'để'),
(1591, 'địa chỉ'),
(1592, 'địa hình'),
(1593, 'địa lý'),
(1594, 'địa ngục'),
(1595, 'định nghĩa'),
(1596, 'đọc'),
(1597, 'đỏ'),
(1598, 'đối mặt'),
(1599, 'đồng'),
(1600, 'đồng bằng'),
(1601, 'đồng hồ'),
(1602, 'đồng nghiệp'),
(1603, 'đồng ý'),
(1604, 'đổ bộ'),
(1605, 'độ sâu'),
(1606, 'độc lập'),
(1607, 'đội'),
(1608, 'động vật'),
(1609, 'đợi'),
(1610, 'đủ'),
(1611, 'đứa con'),
(1612, 'đứa trẻ'),
(1613, 'Đức'),
(1614, 'đứng'),
(1615, 'đừng'),
(1616, 'ư'),
(1617, 'ước'),
(1618, 'ảnh'),
(1619, 'ảnh hưởng'),
(1620, 'ấn độ'),
(1621, 'ếch'),
(1622, 'ổn'),
(1623, 'ổn định'),
(1624, 'ớt'),
(1625, 'ở'),
(1626, 'ở trọ'),
(1627, 'ở đâu'),
(1628, 'ở đây'),
(1629, 'ủng'),
(1630, 'ủng hộ'),
(1631, 'ứng cử viên'),
(1632, 'ứng dụng');

INSERT INTO Translation (lexemeId, id, text)
VALUES
(1,1,'whom'),
(1,2,'who'),
(1,3,'anyone'),
(2,4,'Egypt'),
(3,5,'An (proper name)'),
(4,6,'security'),
(5,7,'safe'),
(6,8,'English'),
(6,9,'the United Kingdom'),
(6,10,'England'),
(6,11,'me'),
(6,12,'you'),
(6,13,'older brothers'),
(6,14,'older brother'),
(6,15,'the UK'),
(6,16,'British'),
(7,17,'hero'),
(8,18,'older brother'),
(8,19,'elder brother'),
(9,20,'he'),
(9,21,'him'),
(10,22,'third'),
(10,23,'father'),
(10,24,'dad'),
(10,25,'3'),
(10,26,'three'),
(10,27,'the third'),
(11,28,'Poland'),
(11,29,'Polish'),
(12,30,'backpack'),
(13,31,'bag'),
(14,32,'include'),
(15,33,'flies'),
(15,34,'blown'),
(15,35,'fly'),
(15,36,'flown'),
(16,37,'border'),
(17,38,'disappear'),
(18,39,'knows'),
(18,40,'know'),
(18,41,'knowing'),
(18,42,'can'),
(19,43,'sea'),
(20,44,'protest'),
(21,45,'symbol'),
(22,46,'balloon'),
(22,47,'balloons'),
(23,48,'are sad'),
(23,49,'sorry'),
(23,50,'was sad'),
(23,51,'is sad'),
(23,52,'were sad'),
(23,53,'sad'),
(23,54,'upset'),
(24,55,'the'),
(24,56,'session'),
(25,57,'concert'),
(26,58,'morning'),
(27,59,'evening'),
(27,60,'night'),
(28,61,'force'),
(29,62,'grandmother'),
(30,63,'classifier - compositions'),
(30,64,'text'),
(31,65,'speech'),
(32,66,'lecture'),
(32,67,'lectures'),
(33,68,'song'),
(34,69,'test'),
(34,70,'the test'),
(34,71,'quiz'),
(34,72,'exam'),
(34,73,'exams'),
(34,74,'tests'),
(34,75,'a test'),
(35,76,'presentation'),
(36,77,'the table'),
(36,78,'table'),
(36,79,'the desk'),
(36,80,'a table'),
(36,81,'tables'),
(36,82,'desks'),
(36,83,'desk'),
(36,84,'a desk'),
(37,85,'foot'),
(38,86,'toothbrush'),
(38,87,'brushes'),
(38,88,'brush'),
(39,89,'keyboard'),
(40,90,'hand'),
(41,91,'goal'),
(42,92,'doctor'),
(43,93,'vet'),
(44,94,'sell'),
(44,95,'sells'),
(45,96,'cake'),
(45,97,'cookie'),
(45,98,'pie'),
(45,99,'pastry'),
(46,100,'bread'),
(47,101,'newspaper'),
(47,102,'journal'),
(47,103,'paper'),
(48,104,'press'),
(49,105,'report'),
(49,106,'reports'),
(50,107,'bowl'),
(51,108,'now'),
(51,109,'moment'),
(51,110,'it'),
(52,111,'beach'),
(53,112,'girl'),
(54,113,'lucrative'),
(55,114,'side'),
(55,115,'with'),
(56,116,'comment'),
(57,117,'normal'),
(57,118,'usual'),
(58,119,'calm'),
(59,120,'equal'),
(60,121,'secret'),
(61,122,'ox'),
(61,123,'cow'),
(61,124,'bull'),
(62,125,'give up'),
(62,126,'gives up'),
(63,127,'go to jail'),
(63,128,'jailed'),
(64,129,'exploitation'),
(64,130,'exploited'),
(64,131,'exploit'),
(64,132,'exploiting'),
(65,133,'shadow'),
(65,134,'balls'),
(65,135,'ball'),
(65,136,'shadows'),
(66,137,'football'),
(67,138,'volleyball'),
(68,139,'basketball'),
(69,140,'hammer'),
(70,141,'pencil'),
(71,142,'swim'),
(71,143,'swims'),
(71,144,'swimming'),
(72,145,'suppress'),
(73,146,'post office'),
(74,147,'stubborn'),
(75,148,'friends'),
(75,149,'you'),
(75,150,'friendship'),
(75,151,'friend'),
(76,152,'girlfriend'),
(77,153,'classmate'),
(78,154,'boyfriend'),
(79,155,'violence'),
(79,156,'violent'),
(80,157,'(classifier)'),
(80,158,'copies'),
(81,159,'myself'),
(81,160,'themselves'),
(81,161,'himself'),
(81,162,'ourselves'),
(81,163,'herself'),
(81,164,'yourself'),
(82,165,'verdict'),
(82,166,'sentence'),
(83,167,'map'),
(84,168,'chic'),
(84,169,'dapper'),
(84,170,'well-dressed'),
(85,171,'insurance'),
(86,172,'conservative'),
(87,173,'museum'),
(88,174,'protect'),
(88,175,'protects'),
(89,176,'seven'),
(90,177,'inequality'),
(91,178,'careless'),
(92,179,'anyone'),
(92,180,'anybody'),
(93,181,'anything'),
(94,182,'impolite'),
(95,183,'disadvantage'),
(95,184,'disadvantageous'),
(96,185,'surprise'),
(97,186,'unusual'),
(98,187,'sky'),
(99,188,'mean'),
(100,189,'turn on'),
(100,190,'on'),
(101,191,'north'),
(102,192,'imprisons'),
(102,193,'imprison'),
(102,194,'imprisoned'),
(103,195,'under arrest'),
(103,196,'arrest'),
(103,197,'arrested'),
(104,198,'originate'),
(105,199,'begin'),
(105,200,'start'),
(105,201,'starts'),
(105,202,'begins'),
(105,203,'started'),
(106,204,'with'),
(106,205,'as'),
(106,206,'equals'),
(106,207,'in'),
(106,208,'by'),
(106,209,'diploma'),
(107,210,'evidence'),
(108,211,'kitchen'),
(109,212,'sick'),
(109,213,'illness'),
(109,214,'disease'),
(109,215,'ill'),
(110,216,'patient'),
(111,217,'hospital'),
(112,218,'Belgium'),
(113,219,'is'),
(113,220,'being'),
(113,221,'be'),
(113,222,'are'),
(113,223,'(indicate passive)'),
(113,224,'was'),
(113,225,'were'),
(114,226,'they'),
(115,227,'vote'),
(116,228,'dad'),
(116,229,'father'),
(117,230,'parents'),
(118,231,'four'),
(118,232,'4'),
(119,233,'Portugal'),
(120,234,'suddenly'),
(121,235,'(classifier for clothes)'),
(121,236,'(classifier for sets)'),
(121,237,'board'),
(122,238,'collection'),
(123,239,'powder'),
(124,240,'by'),
(125,241,'because'),
(126,242,'chubby'),
(127,243,'dusty'),
(128,244,'(classifier)'),
(129,245,'untidy'),
(130,246,'meals'),
(130,247,'meal'),
(131,248,'displeased'),
(132,249,'mug'),
(132,250,'shift'),
(133,251,'singer'),
(133,252,'singers'),
(134,253,'orange'),
(135,254,'Canada'),
(136,255,'soup'),
(137,256,'tall'),
(137,257,'is tall'),
(137,258,'high'),
(137,259,'are tall'),
(138,260,'bottle'),
(138,261,'bottles'),
(139,262,'lemon'),
(140,263,'vegetarian'),
(140,264,'vegan'),
(141,265,'protect'),
(141,266,'defend'),
(141,267,'protects'),
(142,268,'jostle'),
(143,269,'cost'),
(143,270,'costs'),
(144,271,'detail'),
(145,272,'condole'),
(145,273,'condolence'),
(146,274,'share'),
(147,275,'bird'),
(148,276,'sparrow'),
(149,277,'the'),
(149,278,'ones'),
(150,279,'skirt'),
(151,280,'shirt'),
(152,281,'campaign'),
(152,282,'operation'),
(153,283,'strategy'),
(154,284,'strategy'),
(155,285,'victory'),
(156,286,'war'),
(157,287,'fight'),
(158,288,'afternoon'),
(159,289,'pamper'),
(159,290,'pampered'),
(159,291,'pampers'),
(160,292,'for'),
(160,293,'let'),
(160,294,'lets'),
(160,295,'gives'),
(160,296,'puts'),
(160,297,'put'),
(160,298,'please'),
(160,299,'on'),
(160,300,'to'),
(160,301,'offer'),
(160,302,'give'),
(160,303,'letting'),
(161,304,'even if'),
(162,305,'allow'),
(162,306,'allows'),
(162,307,'let'),
(163,308,'assume'),
(163,309,'assumes'),
(164,310,'excuse me'),
(165,311,'until'),
(166,312,'professional'),
(167,313,'trip'),
(167,314,'(classifier)'),
(167,315,'the'),
(168,316,'flight'),
(169,317,'prepare'),
(170,318,'banana'),
(170,319,'bananas'),
(171,320,'dragonfly'),
(172,321,'mouse'),
(173,322,'hello'),
(173,323,'greets'),
(173,324,'hi'),
(173,325,'bye'),
(173,326,'greeted'),
(173,327,'greet'),
(174,328,'welcome'),
(175,329,'bye'),
(175,330,'goodbye'),
(176,331,'leg'),
(177,332,'continent'),
(178,333,'key'),
(178,334,'keys'),
(179,335,'nine'),
(179,336,'9'),
(180,337,'mature'),
(181,338,'main'),
(181,339,'major'),
(182,340,'government'),
(183,341,'policy'),
(184,342,'official'),
(185,343,'politics'),
(185,344,'political'),
(186,345,'politician'),
(186,346,'politicians'),
(187,347,'dog'),
(188,348,'pagoda'),
(188,349,'temple'),
(189,350,'uncle'),
(189,351,'you'),
(190,352,'attention'),
(191,353,'congratulate'),
(192,354,'good night'),
(193,355,'we'),
(193,356,'us'),
(194,357,'hard'),
(195,358,'take care of'),
(196,359,'play'),
(196,360,'plays'),
(196,361,'playing'),
(197,362,'yet'),
(197,363,'n''t'),
(197,364,'not yet'),
(197,365,'are ... yet'),
(197,366,'is…yet'),
(197,367,'are'),
(197,368,'was not'),
(197,369,'not'),
(197,370,'isn''t'),
(198,371,'chapter'),
(199,372,'program'),
(200,373,'touch'),
(201,374,'run'),
(201,375,'runs'),
(201,376,'running'),
(202,377,'run away'),
(202,378,'flee'),
(203,379,'injure'),
(204,380,'accept'),
(205,381,'quality'),
(205,382,'qualities'),
(206,383,'slow'),
(206,384,'slowly (when placed after verb)'),
(206,385,'late'),
(207,386,'slowly'),
(208,387,'overcharge'),
(209,388,'diet'),
(210,389,'die'),
(210,390,'dead'),
(210,391,'dying'),
(210,392,'dies'),
(211,393,'only'),
(211,394,'just'),
(211,395,'show'),
(212,396,'captain'),
(212,397,'commander'),
(212,398,'command'),
(213,399,'criticize'),
(214,400,'sister'),
(214,401,'older sister'),
(214,402,'older sisters'),
(214,403,'you''re'),
(215,404,'older sister'),
(215,405,'[elder/older/big] [sister/sis]'),
(216,406,'picks'),
(216,407,'pick'),
(216,408,'chooses'),
(216,409,'selects'),
(216,410,'chose'),
(216,411,'choose'),
(216,412,'chosen'),
(216,413,'select'),
(216,414,'choosing'),
(216,415,'picked'),
(217,416,'against'),
(218,417,'against'),
(218,418,'to be against'),
(219,419,'husband'),
(219,420,'husbands'),
(220,421,'wait for'),
(220,422,'layovers'),
(220,423,'waits'),
(220,424,'wait'),
(220,425,'hold'),
(221,426,'market'),
(222,427,'ideology'),
(223,428,'sunday'),
(224,429,'sovereignty'),
(225,430,'contain'),
(225,431,'contains'),
(226,432,'suffusive'),
(226,433,'effusive'),
(227,434,'championship'),
(228,435,'stock'),
(229,436,'prove'),
(230,437,'signature'),
(231,438,'cure'),
(231,439,'treat'),
(231,440,'treating'),
(232,441,'little'),
(232,442,'kid'),
(232,443,'child'),
(232,444,'the'),
(232,445,'children'),
(232,446,'I'),
(232,447,'(classifier for animal)'),
(232,448,'you'),
(232,449,'kids'),
(232,450,'me'),
(233,451,'daughter'),
(233,452,'girl'),
(234,453,'person'),
(234,454,'humans'),
(234,455,'human'),
(234,456,'people'),
(235,457,'son'),
(235,458,'boy'),
(236,459,'path'),
(236,460,'road'),
(236,461,'street'),
(236,462,'way'),
(237,463,'finally'),
(237,464,'last'),
(237,465,'final'),
(238,466,'classifier of documents and stories'),
(238,467,'the'),
(238,468,'roll'),
(238,469,'rolled'),
(239,470,'the'),
(240,471,'election'),
(241,472,'appointment'),
(242,473,'meeting'),
(243,474,'adventure'),
(244,475,'interview'),
(245,476,'life'),
(246,477,'contest'),
(246,478,'competition'),
(247,479,'conflict'),
(247,480,'conflicts'),
(248,481,'tomato'),
(248,482,'tomatoes'),
(249,483,'coffee'),
(250,484,'branch'),
(251,485,'fish'),
(252,486,'dolphin'),
(253,487,'shark'),
(254,488,'individual'),
(255,489,'alligator'),
(256,490,'(indicates plurality)'),
(257,491,'revolution'),
(258,492,'the'),
(258,493,'a'),
(258,494,'(classifier)'),
(258,495,'ones'),
(259,496,'something'),
(260,497,'arm'),
(261,498,'field'),
(262,499,'fox'),
(263,500,'sand'),
(264,501,'sentence'),
(265,502,'story'),
(266,503,'question'),
(267,504,'answer'),
(268,505,'tree'),
(268,506,'classifier'),
(268,507,'trees'),
(269,508,'bamboo'),
(270,509,'stork'),
(271,510,'than'),
(272,511,'is'),
(272,512,'there are'),
(272,513,'with'),
(272,514,'can'),
(272,515,'have any'),
(272,516,'take'),
(272,517,'get'),
(272,518,'having'),
(272,519,'yes'),
(272,520,'do'),
(272,521,'does'),
(272,522,'there were'),
(272,523,'have'),
(272,524,'how'),
(272,525,'has'),
(272,526,'are'),
(272,527,'in'),
(272,528,'there is'),
(272,529,'there''s'),
(272,530,'gain'),
(273,531,'maybe'),
(274,532,'can'),
(274,533,'may'),
(274,534,'possibly'),
(274,535,'be able'),
(274,536,'possible'),
(274,537,'could'),
(275,538,'seem'),
(275,539,'seems'),
(275,540,'appear'),
(276,541,'the girl'),
(276,542,'girl'),
(276,543,'girls'),
(277,544,'lonely'),
(277,545,'alone'),
(277,546,'lonesome'),
(278,547,'she'),
(278,548,'her'),
(279,549,'public'),
(280,550,'public'),
(281,551,'search engine'),
(282,552,'citizen'),
(283,553,'justice'),
(284,554,'industry'),
(285,555,'technology'),
(286,556,'worker'),
(286,557,'workers'),
(286,558,'a worker'),
(287,559,'formula'),
(288,560,'company'),
(289,561,'park'),
(289,562,'parks'),
(290,563,'with'),
(290,564,'the same'),
(290,565,'together'),
(291,566,'together'),
(292,567,'owl'),
(293,568,'to make offerings'),
(294,569,'(classifier)'),
(295,570,'base'),
(296,571,'house'),
(297,572,'stress'),
(298,573,'are old'),
(298,574,'old'),
(298,575,'former'),
(299,576,'too'),
(299,577,'also'),
(299,578,'as well'),
(299,579,'every'),
(300,580,'it is okay to (verb)'),
(300,581,'(I''m) okay with'),
(301,582,'Quantum Mechanics'),
(302,583,'occasion'),
(302,584,'opportunity'),
(303,585,'infrastructure'),
(303,586,'infrastructures'),
(304,587,'body'),
(305,588,'rice'),
(306,589,'working-class meal'),
(307,590,'(classifier)'),
(308,591,'storm'),
(309,592,'marry'),
(309,593,'marrying'),
(310,594,'smile'),
(310,595,'smile/smiles'),
(310,596,'laugh/laughs'),
(310,597,'smiles'),
(311,598,'beside'),
(311,599,'edge'),
(311,600,'side'),
(311,601,'by'),
(311,602,'next to'),
(312,603,'compete'),
(312,604,'competing'),
(313,605,'all'),
(313,606,'both'),
(313,607,'all over'),
(313,608,'also'),
(313,609,'whole'),
(313,610,'too'),
(314,611,'both'),
(315,612,'gullible'),
(315,613,'credulous'),
(316,614,'improve'),
(317,615,'flu'),
(318,616,'feel'),
(319,617,'thanks'),
(319,618,'thank you'),
(320,619,'landscape'),
(320,620,'view'),
(321,621,'police'),
(321,622,'officers'),
(321,623,'officer'),
(322,624,'prohibit'),
(322,625,'prohibited'),
(322,626,'prohibits'),
(323,627,'level'),
(324,628,'need'),
(324,629,'require/requires (verb)'),
(324,630,'need/needs (verb)'),
(325,631,'need to'),
(325,632,'need'),
(325,633,'needs'),
(325,634,'needs to'),
(326,635,'necessary'),
(327,636,'bridge'),
(328,637,'pray'),
(329,638,'player'),
(330,639,'be careful'),
(330,640,'look out'),
(330,641,'carefully'),
(331,642,'boy'),
(331,643,'The boy'),
(332,644,'bite'),
(333,645,'exorbitant'),
(334,646,'grumble'),
(334,647,'grumbles'),
(335,648,'leg'),
(336,649,'grass'),
(337,650,'try'),
(337,651,'try (+ to infinitive)'),
(337,652,'tries'),
(337,653,'trying'),
(337,654,'effort'),
(338,655,'stand one''s ground'),
(339,656,'intentionally'),
(339,657,'intentional'),
(339,658,'on purpose'),
(340,659,'ancient'),
(341,660,'rude'),
(342,661,'republic'),
(342,662,'republican'),
(343,663,'Czech Republic'),
(344,664,'flag'),
(345,665,'take off'),
(346,666,'particular'),
(346,667,'specific'),
(347,668,'''s'),
(347,669,'of'),
(347,670,''''),
(347,671,'de'),
(348,672,'help yourself'),
(349,673,'opinionated'),
(349,674,'stubborn'),
(350,675,'save'),
(350,676,'saves'),
(351,677,'sheep'),
(352,678,'door'),
(352,679,'the door'),
(352,680,'doors'),
(352,681,'a door'),
(353,682,'store'),
(354,683,'window'),
(354,684,'windows'),
(355,685,'skin'),
(355,686,'leather'),
(356,687,'fruitless'),
(356,688,'unfinished'),
(357,689,'honor'),
(358,690,'landmark'),
(358,691,'landmarks'),
(359,692,'list'),
(360,693,'knife'),
(361,694,'testament'),
(361,695,'will'),
(362,696,'heritage'),
(363,697,'immigrate'),
(364,698,'evacuate'),
(365,699,'kite'),
(366,700,'show'),
(366,701,'perform'),
(366,702,'action'),
(366,703,'acting'),
(367,704,'actor'),
(367,705,'actress'),
(368,706,'comedian'),
(369,707,'forum'),
(370,708,'businessman'),
(370,709,'entrepreneur'),
(370,710,'businesswoman'),
(371,711,'barrack'),
(372,712,'tourist'),
(372,713,'tourists'),
(373,714,'guerrilla'),
(374,715,'travel'),
(374,716,'travels'),
(375,717,'unique'),
(375,718,'only'),
(376,719,'maintain'),
(377,720,'long'),
(378,721,'spend (time)'),
(378,722,'spends'),
(378,723,'spend'),
(378,724,'spending'),
(379,725,'dare'),
(379,726,'dares'),
(380,727,'democratic'),
(380,728,'democracy'),
(381,729,'population'),
(382,730,'civilian'),
(382,731,'civilians'),
(383,732,'slippers'),
(384,733,'goat'),
(385,734,'aunt'),
(386,735,'sedately'),
(386,736,'sedate'),
(386,737,'loud and clear'),
(387,738,'anyway'),
(388,739,'use'),
(388,740,'using'),
(388,741,'uses'),
(389,742,'brave'),
(389,743,'courageous'),
(390,744,'dirty'),
(391,745,'bat'),
(392,746,'under'),
(392,747,'beneath'),
(392,748,'bottom'),
(392,749,'underneath'),
(392,750,'below'),
(393,751,'what''s up'),
(393,752,'how are you doing'),
(394,753,'teach'),
(394,754,'show'),
(394,755,'educate'),
(394,756,'shows'),
(394,757,'teaches'),
(394,758,'educates'),
(395,759,'cooking oil'),
(396,760,'get up'),
(397,761,'easy'),
(398,762,'easy'),
(398,763,'easily'),
(399,764,'cute'),
(400,765,'plague'),
(401,766,'service'),
(402,767,'sweet'),
(402,768,'tender'),
(402,769,'tenderly'),
(403,770,'screwball'),
(404,771,'lure'),
(404,772,'entice'),
(404,773,'seduce'),
(405,774,'coconut'),
(406,775,'stop'),
(406,776,'stops'),
(407,777,'unconcerned'),
(408,778,'project'),
(409,779,'predict'),
(410,780,'you'),
(410,781,'younger brother'),
(410,782,'younger sister'),
(410,783,'me'),
(410,784,'my'),
(411,785,'younger sister'),
(412,786,'younger brother'),
(413,787,'station'),
(413,788,'gas'),
(414,789,'fearless'),
(414,790,'undaunted'),
(415,791,'jealous'),
(416,792,'note'),
(417,793,'record'),
(417,794,'records'),
(418,795,'hate'),
(418,796,'hates'),
(418,797,'hated'),
(418,798,'hating'),
(419,799,'chair'),
(420,800,'join'),
(421,801,'family'),
(422,802,'class'),
(423,803,'transaction'),
(424,804,'communicate'),
(424,805,'communicating'),
(425,806,'rich'),
(426,807,'shoes'),
(426,808,'shoe'),
(426,809,'the shoes'),
(427,810,'is'),
(427,811,'the price'),
(427,812,'price'),
(427,813,'prices'),
(427,814,'cost'),
(427,815,'costs'),
(427,816,'are'),
(427,817,'priced'),
(428,818,'value'),
(429,819,'director'),
(430,820,'education'),
(430,821,'educate'),
(430,822,'educated'),
(431,823,'professor'),
(431,824,'professors'),
(432,825,'teacher'),
(433,826,'second'),
(433,827,'seconds'),
(434,828,'wind'),
(435,829,'help'),
(435,830,'helps'),
(436,831,'bed'),
(437,832,'solution'),
(438,833,'solve'),
(439,834,'explain'),
(439,835,'explains'),
(440,836,'prize'),
(440,837,'award'),
(441,838,'reduce'),
(442,839,'hide'),
(443,840,'paper'),
(444,841,'permission'),
(444,842,'permit'),
(445,843,'angry'),
(446,844,'kill'),
(446,845,'killing'),
(446,846,'kills'),
(447,847,'limit'),
(448,848,'introduce'),
(448,849,'introduces'),
(449,850,'hour'),
(449,851,'hours'),
(449,852,'now'),
(450,853,'keep'),
(451,854,'middle'),
(451,855,'among'),
(451,856,'between'),
(452,857,'chicken'),
(453,858,'girl'),
(454,859,'breaks'),
(454,860,'broken'),
(454,861,'break'),
(454,862,'fallen'),
(455,863,'what'),
(455,864,'what are'),
(455,865,'what is'),
(455,866,'what did'),
(455,867,'what do'),
(455,868,'what does'),
(455,869,'any'),
(455,870,'kind'),
(455,871,'which'),
(455,872,'what''s'),
(455,873,'what kind of'),
(456,874,'glove'),
(457,875,'mirror'),
(457,876,'example'),
(458,877,'bear'),
(459,878,'panda'),
(460,879,'close to'),
(460,880,'close'),
(460,881,'is close to'),
(460,882,'are close to'),
(460,883,'it is close to'),
(460,884,'almost'),
(460,885,'near'),
(460,886,'about'),
(460,887,'by'),
(460,888,'is near'),
(461,889,'almost'),
(461,890,'nearly'),
(462,891,'grumble'),
(462,892,'irascible'),
(462,893,'scold (someone)'),
(463,894,'encountered'),
(463,895,'dealing'),
(463,896,'meeting'),
(463,897,'see'),
(463,898,'encounter'),
(463,899,'across'),
(463,900,'met'),
(463,901,'meet'),
(463,902,'encountering'),
(464,903,'meet'),
(464,904,'meeting'),
(465,905,'see you later'),
(466,906,'orders'),
(466,907,'call'),
(466,908,'order (food)'),
(466,909,'called'),
(466,910,'calling'),
(467,911,'send'),
(467,912,'sends'),
(468,913,'two'),
(469,914,'cave'),
(470,915,'well'),
(470,916,'in ... or'),
(470,917,'interesting'),
(470,918,'do ... or'),
(470,919,'is ... or'),
(470,920,'often'),
(470,921,'or'),
(470,922,'are ... or'),
(470,923,'great'),
(470,924,'does ... or'),
(470,925,'very well'),
(470,926,'beautiful'),
(470,927,'were ... or'),
(470,928,'was ... or'),
(470,929,'is good'),
(470,930,'good'),
(470,931,'beautifully'),
(471,932,'or'),
(472,933,'pig'),
(473,934,'rarely'),
(474,935,'constitution'),
(475,936,'understand'),
(475,937,'understood'),
(475,938,'understands'),
(476,939,'phenomenon'),
(477,940,'now'),
(477,941,'moment'),
(477,942,'currently'),
(477,943,'at present'),
(477,944,'at the moment'),
(477,945,'current'),
(478,946,'modern'),
(479,947,'efficient'),
(479,948,'effective'),
(480,949,'bookstore'),
(481,950,'flower'),
(482,951,'peace'),
(483,952,'perfect'),
(484,953,'absolutely'),
(484,954,'completely'),
(484,955,'totally'),
(484,956,'entirely'),
(485,957,'chemistry'),
(486,958,'check'),
(486,959,'bills'),
(486,960,'bill'),
(486,961,'the check'),
(487,962,'postpone'),
(488,963,'painter'),
(489,964,'or'),
(489,965,'either...or'),
(490,966,'medal'),
(491,967,'mobilize'),
(492,968,'paranormal'),
(492,969,'mysterious'),
(493,970,'coach'),
(494,971,'Hue'),
(495,972,'Greece'),
(496,973,'hope'),
(496,974,'hopes'),
(497,975,'Hanoi'),
(498,976,'humorous'),
(498,977,'funny'),
(499,978,'South Korea'),
(500,979,'luggage'),
(501,980,'planet'),
(502,981,'journey'),
(503,982,'behavior'),
(504,983,'action'),
(505,984,'generous'),
(505,985,'generosity'),
(506,986,'sing'),
(506,987,'sings'),
(506,988,'singing'),
(507,989,'joyful'),
(507,990,'glad'),
(508,991,'let''s'),
(508,992,'let'),
(508,993,'please'),
(509,994,'summer'),
(510,995,'punishment'),
(511,996,'form'),
(512,997,'image'),
(512,998,'picture'),
(513,999,'(classifier)'),
(514,1000,'stone'),
(515,1001,'today'),
(516,1002,'yesterday'),
(517,1003,'kiss'),
(518,1004,'marriage'),
(519,1005,'a bit'),
(519,1006,'breath'),
(519,1007,'pretty'),
(519,1008,'slightly'),
(520,1009,'more'),
(520,1010,'than'),
(520,1011,'more than'),
(520,1012,'preferred'),
(521,1013,'in addition'),
(521,1014,'additionally'),
(521,1015,'moreover'),
(522,1016,'direction'),
(522,1017,'heading'),
(523,1018,'happiness'),
(523,1019,'happy'),
(524,1020,'nuclear'),
(525,1021,'navy'),
(526,1022,'consequence'),
(526,1023,'consequences'),
(527,1024,'see you later'),
(527,1025,'see you again'),
(527,1026,'see you'),
(528,1027,'run out of (sth)'),
(529,1028,'expire'),
(530,1029,'Solar System'),
(531,1030,'consequence'),
(531,1031,'consequences'),
(532,1032,'system'),
(533,1033,'they'),
(533,1034,'they are'),
(533,1035,'they''re'),
(533,1036,'family name'),
(533,1037,'their'),
(533,1038,'them'),
(533,1039,'last name'),
(533,1040,'they were'),
(534,1041,'relatives'),
(534,1042,'relative'),
(535,1043,'school'),
(535,1044,'take lessons'),
(535,1045,'to learn'),
(535,1046,'to study'),
(535,1047,'learns'),
(535,1048,'learn'),
(535,1049,'learning'),
(535,1050,'studies'),
(535,1051,'take'),
(535,1052,'study'),
(535,1053,'studying'),
(535,1054,'takes lessons'),
(536,1055,'scholarship'),
(537,1056,'student'),
(538,1057,'ask'),
(538,1058,'asks'),
(539,1059,'ask for the time'),
(540,1060,'profile'),
(540,1061,'record'),
(540,1062,'curriculum vitae'),
(540,1063,'CV'),
(540,1064,'file'),
(541,1065,'pink'),
(542,1066,'support'),
(542,1067,'supports'),
(542,1068,'supporting'),
(543,1069,'passport'),
(544,1070,'workshop'),
(545,1071,'box'),
(546,1072,'cooperate'),
(547,1073,'contract'),
(548,1074,'Indonesia'),
(548,1075,'Indonesian'),
(549,1076,'internet'),
(549,1077,'(the) internet'),
(550,1078,'when'),
(550,1079,'as'),
(550,1080,'on'),
(551,1081,'when'),
(551,1082,'when does'),
(551,1083,'when are'),
(551,1084,'when is'),
(551,1085,'when did'),
(551,1086,'whenever'),
(551,1087,'when do'),
(552,1088,'humble'),
(552,1089,'modest'),
(553,1090,'science'),
(554,1091,'chips'),
(554,1092,'French fries'),
(555,1093,'course'),
(556,1094,'about'),
(556,1095,'roughly'),
(557,1096,'distance'),
(558,1097,'well'),
(558,1098,'strong'),
(558,1099,'fine'),
(558,1100,'good'),
(558,1101,'healthy'),
(559,1102,'region'),
(559,1103,'section'),
(559,1104,'zone'),
(559,1105,'area'),
(560,1106,'recommended'),
(560,1107,'advises'),
(560,1108,'advised'),
(560,1109,'advise'),
(560,1110,'recommends'),
(560,1111,'recommend'),
(561,1112,'different'),
(561,1113,'other'),
(561,1114,'another'),
(561,1115,'else'),
(562,1116,'customer'),
(562,1117,'customers'),
(563,1118,'hotel'),
(563,1119,'hotels'),
(564,1120,'concept'),
(565,1121,'examine'),
(566,1122,'discover'),
(567,1123,'audience'),
(568,1124,'climate'),
(569,1125,'hard'),
(569,1126,'difficult'),
(570,1127,'difficulty'),
(571,1128,'crying'),
(571,1129,'cries'),
(571,1130,'cry/cries'),
(571,1131,'tears'),
(571,1132,'tear'),
(572,1133,'smoke'),
(573,1134,'do not'),
(573,1135,'no'),
(573,1136,'weren''t'),
(573,1137,'can''t'),
(573,1138,'were not'),
(573,1139,'did not'),
(573,1140,'zero'),
(573,1141,'will'),
(573,1142,'won''t'),
(573,1143,'aren''t'),
(573,1144,'are ... ?'),
(573,1145,'don''t'),
(573,1146,'am not'),
(573,1147,'isn''t'),
(573,1148,'is not'),
(573,1149,'does ... ?'),
(573,1150,'was not'),
(573,1151,'are not'),
(573,1152,'does not'),
(573,1153,'0'),
(573,1154,'not'),
(573,1155,'cannot'),
(573,1156,'doesn''t'),
(573,1157,'is ... ?'),
(573,1158,'wouldn''t'),
(574,1159,'nobody'),
(574,1160,'no one'),
(575,1161,'never'),
(576,1162,'you''re welcome'),
(577,1163,'space'),
(578,1164,'air'),
(579,1165,'not'),
(579,1166,'is not'),
(579,1167,'are not'),
(579,1168,'weren''t'),
(579,1169,'aren''t'),
(579,1170,'isn''t'),
(579,1171,'am not'),
(580,1172,'not'),
(580,1173,'wasn''t'),
(580,1174,'am not'),
(580,1175,'is not'),
(580,1176,'are not'),
(580,1177,'it isn''t'),
(580,1178,'isn''t'),
(580,1179,'weren''t'),
(581,1180,'air force '),
(582,1181,'cannot'),
(582,1182,'can''t'),
(583,1183,'must not'),
(584,1184,'scarf'),
(584,1185,'scarves'),
(585,1186,'fix'),
(585,1187,'overcome'),
(586,1188,'affirm'),
(587,1189,'monkey'),
(588,1190,'mass'),
(589,1191,'terror'),
(589,1192,'terrorism'),
(589,1193,'terrorist'),
(590,1194,'crisis'),
(591,1195,'that'),
(591,1196,'those'),
(591,1197,'other'),
(592,1198,'business'),
(593,1199,'experience'),
(594,1200,'budget'),
(595,1201,'economics'),
(595,1202,'economical'),
(595,1203,'economy'),
(595,1204,'economic'),
(596,1205,'patient'),
(597,1206,'knowledge'),
(598,1207,'architect'),
(599,1208,'incarnation'),
(599,1209,'life'),
(600,1210,'control'),
(601,1211,'checking'),
(601,1212,'check'),
(601,1213,'checks'),
(601,1214,'test'),
(602,1215,'to'),
(602,1216,'weak'),
(602,1217,'bad'),
(602,1218,'poor'),
(602,1219,'is bad'),
(603,1220,'scissors'),
(604,1221,'last (verb)'),
(604,1222,'last'),
(605,1223,'channel'),
(606,1224,'glasses'),
(607,1225,'telescope'),
(608,1226,'symbol'),
(608,1227,'sign'),
(609,1228,'memory'),
(610,1229,'enemy'),
(611,1230,'villain'),
(611,1231,'villains'),
(612,1232,'plan'),
(613,1233,'accountant'),
(613,1234,'accounting'),
(614,1235,'conclusion'),
(615,1236,'connect'),
(616,1237,'result'),
(617,1238,'ends'),
(617,1239,'end'),
(617,1240,'finish'),
(618,1241,'tell'),
(618,1242,'tells'),
(618,1243,'telling'),
(619,1244,'skill'),
(620,1245,'engineer'),
(621,1246,'compass'),
(622,1247,'spread'),
(623,1248,'wander'),
(624,1249,'flexible'),
(625,1250,'soul'),
(626,1251,'contact'),
(626,1252,'contact (verb)'),
(626,1253,'contacted'),
(627,1254,'sickle'),
(628,1255,'list'),
(629,1256,'worry'),
(630,1257,'the human race'),
(630,1258,'humankind'),
(630,1259,'mankind'),
(630,1260,'humanity'),
(631,1261,'sorts'),
(631,1262,'kind of'),
(631,1263,'kind'),
(631,1264,'types'),
(631,1265,'kinds'),
(631,1266,'type'),
(631,1267,'sort'),
(632,1268,'sparkling'),
(633,1269,'practices'),
(633,1270,'practice'),
(634,1271,'practice'),
(635,1272,'always'),
(636,1273,'laws'''),
(636,1274,'law'),
(636,1275,'laws'),
(636,1276,'rules'),
(637,1277,'lawyer'),
(638,1278,'cup'),
(638,1279,'cups'),
(638,1280,'glass'),
(638,1281,'glasses'),
(639,1282,'divorce'),
(640,1283,'is'),
(640,1284,'am'),
(640,1285,'being'),
(640,1286,'it''s'),
(640,1287,'that'),
(640,1288,'were'),
(640,1289,'as'),
(640,1290,'been'),
(640,1291,'be'),
(640,1292,'are'),
(640,1293,'was'),
(640,1294,'is it'),
(641,1295,'to be'),
(641,1296,'has worked as'),
(641,1297,'do on'),
(641,1298,'makes'),
(641,1299,'work'),
(641,1300,'keeping'),
(641,1301,'make'),
(641,1302,'takes'),
(641,1303,'have been'),
(641,1304,'take'),
(641,1305,'working'),
(641,1306,'to do'),
(641,1307,'been'),
(641,1308,'do'),
(641,1309,'build'),
(641,1310,'does'),
(641,1311,'worked as'),
(641,1312,'be'),
(641,1313,'did on'),
(641,1314,'doing'),
(641,1315,'reminds'),
(642,1316,'bother'),
(643,1317,'how'),
(644,1318,'work'),
(644,1319,'working'),
(644,1320,'works'),
(645,1321,'to do business'),
(645,1322,'do business'),
(646,1323,'please'),
(647,1324,'village'),
(648,1325,'leaf'),
(649,1326,'charm'),
(649,1327,'amulet'),
(650,1328,'drive'),
(650,1329,'fly (airplane)'),
(650,1330,'drives'),
(650,1331,'ride'),
(650,1332,'riding'),
(651,1333,'castle'),
(651,1334,'palace'),
(652,1335,'spread'),
(653,1336,'ups'),
(653,1337,'make'),
(653,1338,'up'),
(653,1339,'on'),
(653,1340,'onto'),
(654,1341,'lucky money'),
(655,1342,'soldier'),
(656,1343,'moment'),
(656,1344,'at'),
(656,1345,'the time'),
(657,1346,'now'),
(657,1347,'this moment'),
(657,1348,'right now'),
(658,1349,'reason'),
(659,1350,'five (for 15 or higher)'),
(659,1351,'five'),
(660,1352,'float'),
(661,1353,'back'),
(662,1354,'conscience'),
(663,1355,'lazy'),
(664,1356,'tongue'),
(665,1357,'hesitate'),
(666,1358,'comb'),
(667,1359,'precipitation'),
(667,1360,'rainfall'),
(668,1361,'turn'),
(668,1362,'turns'),
(669,1363,'strange'),
(670,1364,'lost'),
(670,1365,'peanut'),
(671,1366,'optimistic'),
(672,1367,'camel'),
(673,1368,'again'),
(674,1369,'cold'),
(675,1370,'cold'),
(675,1371,'glacial'),
(676,1372,'takes'),
(676,1373,'take'),
(676,1374,'get'),
(676,1375,'gets'),
(676,1376,'taking'),
(676,1377,'marry/marries someone (in a relationship)'),
(676,1378,'grab'),
(676,1379,'grabbing'),
(677,1380,'time'),
(677,1381,'times'),
(677,1382,'turns'),
(678,1383,'listen'),
(678,1384,'listens'),
(678,1385,'listening'),
(678,1386,'listen to'),
(679,1387,'silent'),
(679,1388,'silently'),
(680,1389,'repeat'),
(680,1390,'repeats'),
(681,1391,'(used at hundred level)'),
(682,1392,'festival'),
(683,1393,'fee'),
(684,1394,'calendar'),
(685,1395,'history'),
(686,1396,'polite'),
(687,1397,'exit'),
(688,1398,'fault'),
(689,1399,'large'),
(689,1400,'big'),
(689,1401,'great'),
(689,1402,'grow up (verb)'),
(690,1403,'classroom'),
(690,1404,'classrooms'),
(690,1405,'class'),
(691,1406,'curse'),
(692,1407,'benefit'),
(693,1408,'profit'),
(694,1409,'advantage'),
(694,1410,'advantages'),
(695,1411,'fire'),
(696,1412,'option'),
(697,1413,'force'),
(698,1414,'ghost'),
(699,1415,'is'),
(699,1416,'wears'),
(699,1417,'carrying'),
(699,1418,'wear'),
(699,1419,'carries'),
(699,1420,'bring'),
(699,1421,'bringing'),
(699,1422,'are'),
(699,1423,'brings'),
(699,1424,'brought'),
(699,1425,'carry'),
(699,1426,'pack'),
(700,1427,'lucky'),
(700,1428,'luck'),
(701,1429,'mouth'),
(702,1430,'buy'),
(703,1431,'shop'),
(703,1432,'shopping'),
(704,1433,'salt'),
(704,1434,'salty'),
(705,1435,'want'),
(706,1436,'mosquito'),
(707,1437,'spoon'),
(708,1438,'that'),
(708,1439,'but'),
(708,1440,'if'),
(708,1441,'whose'),
(709,1442,'not only... but also'),
(709,1443,'but also'),
(710,1444,'screen'),
(710,1445,'monitor'),
(711,1446,'color'),
(712,1447,'blood'),
(713,1448,'machine'),
(714,1449,'airplane'),
(714,1450,'plane'),
(715,1451,'washing machine'),
(716,1452,'computer'),
(717,1453,'tablet'),
(718,1454,'camera'),
(719,1455,'cloud'),
(720,1456,'cat'),
(721,1457,'meter'),
(722,1458,'superstitious'),
(723,1459,'noodles'),
(724,1460,'pasta'),
(725,1461,'instant noodles'),
(726,1462,'I''m'),
(726,1463,'I'),
(726,1464,'herself'),
(727,1465,'dish'),
(727,1466,'kind'),
(727,1467,'(indicates item of food)'),
(727,1468,'(classifier)'),
(727,1469,'items'),
(728,1470,'environment'),
(729,1471,'(classifier)'),
(729,1472,'subject'),
(730,1473,'season'),
(730,1474,'crop'),
(731,1475,'dance'),
(731,1476,'dances'),
(731,1477,'dance/dances (verb)'),
(732,1478,'water puppetry'),
(733,1479,'hat'),
(734,1480,'nose'),
(735,1481,'dream'),
(736,1482,'rain'),
(737,1483,'ten'),
(738,1484,'networks'),
(738,1485,'network'),
(738,1486,'internet'),
(738,1487,'web'),
(739,1488,'network'),
(739,1489,'networks'),
(740,1490,'social network'),
(741,1491,'strong'),
(742,1492,'lose'),
(743,1493,'what time'),
(743,1494,'what time does ... ?'),
(743,1495,'what time do ... ?'),
(744,1496,'kindergarten'),
(745,1497,'sample'),
(746,1498,'password'),
(747,1499,'eye'),
(748,1500,'wear'),
(748,1501,'wears'),
(749,1502,'though'),
(749,1503,'even though'),
(749,1504,'although'),
(750,1505,'face'),
(751,1506,'moon'),
(752,1507,'sun'),
(753,1508,'mom'),
(753,1509,'[mother/mom/mommy/momma/ma/mama/mum/mummy/mammy]'),
(754,1510,'tired'),
(755,1511,'any'),
(755,1512,'every'),
(755,1513,'all'),
(756,1514,'everybody'),
(756,1515,'everyone'),
(756,1516,'people'),
(757,1517,'everything'),
(757,1518,'things'),
(758,1519,'relationship'),
(758,1520,'relation'),
(759,1521,'threat'),
(759,1522,'threats'),
(760,1523,'one (for 21 or higher)'),
(760,1524,'vogue'),
(760,1525,'one'),
(761,1526,'orphan'),
(762,1527,'each'),
(762,1528,'per'),
(762,1529,'every'),
(762,1530,'just'),
(763,1531,'an'),
(763,1532,'a'),
(763,1533,'first'),
(763,1534,'one'),
(763,1535,'the first'),
(763,1536,'1'),
(763,1537,'the'),
(764,1538,'someone'),
(764,1539,'somebody'),
(765,1540,'a bit'),
(765,1541,'a little'),
(765,1542,'a bit of'),
(765,1543,'any'),
(765,1544,'some'),
(765,1545,'a moment'),
(766,1546,'(indicate adverb)'),
(767,1547,'once'),
(767,1548,'as soon as'),
(768,1549,'new'),
(769,1550,'invite'),
(769,1551,'please'),
(769,1552,'invited'),
(769,1553,'offer'),
(769,1554,'invites'),
(770,1555,'open'),
(770,1556,'opens'),
(770,1557,'turn on'),
(771,1558,'purpose'),
(771,1559,'objective'),
(772,1560,'south'),
(772,1561,'male'),
(772,1562,'Nam'),
(773,1563,'magnet'),
(774,1564,'antarctic'),
(775,1565,'South Africa'),
(776,1566,'this'),
(776,1567,'now'),
(777,1568,'Russia'),
(778,1569,'immediately'),
(779,1570,'listen'),
(779,1571,'hear/hears'),
(779,1572,'listens'),
(780,1573,'serious'),
(781,1574,'serious'),
(782,1575,'study'),
(782,1576,'research'),
(783,1577,'PhD student'),
(783,1578,'doctoral student'),
(784,1579,'poor'),
(785,1580,'thousand'),
(785,1581,'thousands'),
(785,1582,'1000'),
(786,1583,'think'),
(786,1584,'thinks'),
(787,1585,'duty'),
(787,1586,'duties'),
(788,1587,'profession'),
(788,1588,'occupation'),
(789,1589,'artist'),
(790,1590,'art'),
(791,1591,'obedient'),
(792,1592,'delicious'),
(792,1593,'deliciously'),
(793,1594,'out'),
(793,1595,'besides'),
(793,1596,'at'),
(793,1597,'beyond'),
(793,1598,'outside'),
(793,1599,'aside'),
(794,1600,'except'),
(794,1601,'apart from'),
(794,1602,'besides'),
(794,1603,'except for'),
(795,1604,'stupid'),
(796,1605,'dangerous'),
(797,1606,'cause'),
(798,1607,'source'),
(799,1608,'business'),
(799,1609,'branch'),
(799,1610,'major'),
(800,1611,'date'),
(800,1612,'day'),
(800,1613,'days'),
(800,1614,'the date of'),
(801,1615,'tomorrow'),
(802,1616,'birthday'),
(802,1617,'date of birth'),
(803,1618,'bank'),
(804,1619,'fall'),
(805,1620,'finger'),
(806,1621,'(classifier)'),
(807,1622,'star'),
(807,1623,'stars'),
(808,1624,'school'),
(809,1625,'language'),
(810,1626,'fisherman'),
(811,1627,'people'),
(811,1628,'(classifier for human)'),
(811,1629,'the'),
(811,1630,'men'),
(811,1631,'man'),
(811,1632,'human'),
(811,1633,'person'),
(811,1634,'ones'),
(812,1635,'winner'),
(813,1636,'model'),
(813,1637,'models'),
(814,1638,'refugee'),
(815,1639,'admire'),
(815,1640,'admires'),
(816,1641,'astounded'),
(817,1642,'short'),
(818,1643,'hill'),
(819,1644,'sit'),
(819,1645,'sits'),
(819,1646,'sitting'),
(820,1647,'sleep'),
(820,1648,'slept'),
(820,1649,'sleeps'),
(821,1650,'horse'),
(822,1651,'chest'),
(823,1652,'dentist'),
(823,1653,'dentists'),
(824,1654,'fast'),
(824,1655,'(can be adjective or adverb)'),
(825,1656,'hurry up'),
(826,1657,'agile'),
(827,1658,'photography'),
(828,1659,'lots'),
(828,1660,'many'),
(828,1661,'various'),
(828,1662,'a lot of'),
(828,1663,'variety'),
(828,1664,'lots of'),
(828,1665,'much'),
(828,1666,'a lot'),
(828,1667,'plenty'),
(829,1668,'temperature'),
(830,1669,'house'),
(830,1670,'home'),
(831,1671,'journalist'),
(832,1672,'train station'),
(833,1673,'restaurant'),
(834,1674,'theater'),
(835,1675,'scientist'),
(835,1676,'scientists'),
(836,1677,'leader'),
(836,1678,'leaders'),
(837,1679,'researcher'),
(838,1680,'monk'),
(839,1681,'historian'),
(840,1682,'designer'),
(841,1683,'poet'),
(842,1684,'church'),
(843,1685,'mathematician'),
(844,1686,'philosopher'),
(845,1687,'prison'),
(846,1688,'writer'),
(847,1689,'bathroom'),
(848,1690,'worker'),
(848,1691,'employee'),
(848,1692,'workers'),
(848,1693,'employees'),
(848,1694,'a worker'),
(849,1695,'brand'),
(850,1696,'look'),
(851,1697,'group'),
(851,1698,'team'),
(852,1699,'like'),
(852,1700,'as'),
(853,1701,'as a result'),
(853,1702,'like that'),
(854,1703,'but'),
(854,1704,'however'),
(855,1705,'music'),
(856,1706,'songwriter'),
(856,1707,'songwriters'),
(857,1708,'light'),
(858,1709,'jump'),
(858,1710,'dance'),
(858,1711,'jumps'),
(858,1712,'dance (verb)'),
(859,1713,'lift'),
(860,1714,'first'),
(860,1715,'most'),
(860,1716,'the most'),
(860,1717,'least'),
(861,1718,'ring'),
(862,1719,'receive heavy criticism'),
(863,1720,'realize'),
(864,1721,'receive'),
(864,1722,'gets'),
(864,1723,'receives'),
(865,1724,'import'),
(865,1725,'importing'),
(865,1726,'imports'),
(866,1727,'Japan'),
(867,1728,'Japan'),
(868,1729,'diary'),
(869,1730,'mention'),
(870,1731,'aim'),
(870,1732,'take aim'),
(871,1733,'spider'),
(872,1734,'small'),
(872,1735,'little'),
(873,1736,'remember'),
(874,1737,'hope'),
(875,1738,'faith'),
(876,1739,'joy'),
(876,1740,'happiness'),
(877,1741,'full'),
(878,1742,'let''s'),
(878,1743,'any'),
(878,1744,'what kind of'),
(878,1745,'kind'),
(878,1746,'which is'),
(878,1747,'which ... does'),
(878,1748,'which'),
(878,1749,'what'),
(878,1750,'when will'),
(878,1751,'which ... do'),
(878,1752,'every'),
(879,1753,'this'),
(879,1754,'these'),
(879,1755,'hey'),
(879,1756,'the'),
(880,1757,'brown'),
(881,1758,'brain'),
(882,1759,'ought'),
(882,1760,'then'),
(882,1761,'so'),
(882,1762,'should'),
(882,1763,'shall'),
(883,1764,'he'),
(883,1765,'it''s'),
(883,1766,'it'),
(883,1767,'his'),
(884,1768,'spoken'),
(884,1769,'speaks'),
(884,1770,'to say'),
(884,1771,'speak'),
(884,1772,'tell'),
(884,1773,'to speak'),
(884,1774,'tells'),
(884,1775,'talking'),
(884,1776,'talks'),
(884,1777,'talk'),
(884,1778,'say'),
(884,1779,'speaking'),
(884,1780,'says'),
(884,1781,'telling'),
(885,1782,'generally'),
(885,1783,'to conclude'),
(886,1784,'conical hat'),
(887,1785,'hot'),
(888,1786,'slave'),
(889,1787,'farmer'),
(890,1788,'farm'),
(891,1789,'mountain'),
(892,1790,'volcano'),
(892,1791,'volcanoes'),
(893,1792,'hide'),
(894,1793,'years'),
(894,1794,'5'),
(894,1795,'year'),
(894,1796,'five'),
(894,1797,'in'),
(894,1798,'years'''),
(895,1799,'last year'),
(896,1800,'light-year'),
(897,1801,'energy'),
(898,1802,'site'),
(898,1803,'part'),
(898,1804,'place'),
(898,1805,'places'),
(899,1806,'water'),
(899,1807,'country'),
(899,1808,'countries'),
(900,1809,'juice'),
(901,1810,'mushroom'),
(902,1811,'to cook'),
(902,1812,'cook'),
(902,1813,'cooking'),
(902,1814,'makes'),
(902,1815,'make'),
(902,1816,'cooks'),
(902,1817,'making'),
(903,1818,'cook'),
(903,1819,'cooks'),
(903,1820,'cooking'),
(903,1821,'to cook'),
(904,1822,'heavy'),
(905,1823,'heavy'),
(906,1824,'if'),
(907,1825,'floor'),
(908,1826,'foundation'),
(909,1827,'civilization'),
(909,1828,'civilizations'),
(910,1829,'passionate'),
(910,1830,'passionately'),
(911,1831,'explode'),
(912,1832,'outstanding'),
(912,1833,'remarkable'),
(913,1834,'revolt'),
(913,1835,'rebel'),
(913,1836,'revolting'),
(914,1837,'famous'),
(914,1838,'popular'),
(915,1839,'effort'),
(916,1840,'civil war'),
(917,1841,'content'),
(918,1842,'domestic'),
(919,1843,'smile'),
(920,1844,'half'),
(921,1845,'queen'),
(922,1846,'bee'),
(923,1847,'Phi (proper name)'),
(924,1848,'movie'),
(924,1849,'the movie'),
(924,1850,'films'),
(924,1851,'movies'),
(924,1852,'film'),
(924,1853,'a movie'),
(925,1854,'edition'),
(925,1855,'version'),
(926,1856,'style'),
(927,1857,'feudal'),
(928,1858,'custom'),
(929,1859,'ferry'),
(930,1860,'bankrupt'),
(931,1861,'French'),
(931,1862,'France'),
(932,1863,'discover'),
(933,1864,'uphold'),
(934,1865,'invent'),
(934,1866,'invention'),
(934,1867,'invents'),
(935,1868,'development'),
(935,1869,'develop'),
(935,1870,'developed'),
(936,1871,'distinguish'),
(937,1872,'magic'),
(938,1873,'behind'),
(939,1874,'in front of'),
(939,1875,'up ahead'),
(940,1876,'room'),
(941,1877,'lounge'),
(941,1878,'living room'),
(942,1879,'bedroom'),
(942,1880,'bedrooms'),
(943,1881,'laboratory'),
(944,1882,'defend'),
(945,1883,'bathroom'),
(945,1884,'bathrooms'),
(946,1885,'reporter'),
(947,1886,'suitable'),
(948,1887,'welfare'),
(949,1888,'minute'),
(949,1889,'minutes'),
(950,1890,'method'),
(951,1891,'ward'),
(952,1892,'is'),
(952,1893,'right'),
(952,1894,'has to'),
(952,1895,'have to'),
(952,1896,'yes'),
(952,1897,'did'),
(952,1898,'had'),
(952,1899,'need to'),
(952,1900,'(indicate interrogation)'),
(952,1901,'supposed'),
(953,1902,'is there ... ?'),
(953,1903,'do ... ?'),
(953,1904,'were ... ?'),
(953,1905,'did ... ?'),
(953,1906,'right'),
(953,1907,'do'),
(953,1908,'are ... ?'),
(953,1909,'are'),
(953,1910,'is ... ?'),
(953,1911,'does'),
(954,1912,'betrays'),
(954,1913,'betray'),
(954,1914,'betrayed'),
(955,1915,'feedback'),
(956,1916,'Finland'),
(957,1917,'popular'),
(958,1918,'pho'),
(958,1919,'phở'),
(959,1920,'woman'),
(959,1921,'women'),
(959,1922,'female'),
(960,1923,'ambush'),
(961,1924,'complicated'),
(962,1925,'battery'),
(963,1926,'passed away'),
(964,1927,'is important'),
(964,1928,'important'),
(964,1929,'was important'),
(965,1930,'care'),
(965,1931,'considered'),
(965,1932,'cares'),
(966,1933,'familiar'),
(967,1934,'decides'),
(967,1935,'decide'),
(967,1936,'decision'),
(967,1937,'decisive'),
(968,1938,'right'),
(968,1939,'rights'),
(969,1940,'power'),
(970,1941,'the'),
(970,1942,'(classifier)'),
(971,1943,'gift'),
(971,1944,'present'),
(972,1945,'too'),
(972,1946,'so'),
(972,1947,'very'),
(973,1948,'past'),
(974,1949,'café'),
(974,1950,'coffee shop'),
(974,1951,'cafe'),
(974,1952,'coffee shops'),
(974,1953,'the coffee shop'),
(975,1954,'military uniform'),
(975,1955,'uniform'),
(976,1956,'military'),
(977,1957,'army'),
(977,1958,'military'),
(977,1959,'the army'),
(978,1960,'forget'),
(979,1961,'valuable'),
(979,1962,'precious'),
(980,1963,'fan'),
(981,1964,'(classifier)'),
(981,1965,'fruit'),
(982,1966,'manage'),
(983,1967,'advertisements'),
(983,1968,'advertisement'),
(983,1969,'ad'),
(983,1970,'advertising'),
(983,1971,'ads'),
(984,1972,'square'),
(985,1973,'pants'),
(985,1974,'trousers'),
(986,1975,'tennis'),
(987,1976,'district'),
(988,1977,'country'),
(988,1978,'national (adj)'),
(988,1979,'nation'),
(989,1980,'congress'),
(989,1981,'parliament'),
(990,1982,'international'),
(991,1983,'nationality'),
(991,1984,'citizenship'),
(992,1985,'fund'),
(993,1986,'vegetable'),
(993,1987,'vegetables'),
(994,1988,'mustache'),
(995,1989,'shiver'),
(995,1990,'shivers'),
(995,1991,'shivering'),
(996,1992,'constrain'),
(997,1993,'clear'),
(998,1994,'turtle'),
(998,1995,'tortoise'),
(999,1996,'teeth'),
(1000,1997,'half past'),
(1000,1998,'thirty (minutes)'),
(1000,1999,'a half'),
(1000,2000,'half'),
(1001,2001,'alcohol'),
(1001,2002,'wine'),
(1002,2003,'movie theater'),
(1003,2004,'extremely'),
(1003,2005,'very much'),
(1003,2006,'so'),
(1003,2007,'really'),
(1003,2008,'very'),
(1003,2009,'highly'),
(1004,2010,'snake'),
(1005,2011,'that'),
(1006,2012,'cheap'),
(1007,2013,'root'),
(1008,2014,'is'),
(1008,2015,'now'),
(1008,2016,'already'),
(1008,2017,'it''s'),
(1008,2018,'it is'),
(1008,2019,'then'),
(1008,2020,'have'),
(1008,2021,'and'),
(1008,2022,'has'),
(1008,2023,'am'),
(1009,2024,'dragon'),
(1010,2025,'boisterous'),
(1010,2026,'boisterously'),
(1010,2027,'bustling'),
(1011,2028,'wide'),
(1011,2029,'large'),
(1011,2030,'(is) big'),
(1011,2031,'broad'),
(1011,2032,'big'),
(1011,2033,'loose'),
(1012,2034,'risk'),
(1013,2035,'forest'),
(1014,2036,'wash'),
(1015,2037,'wrong'),
(1016,2038,'what'),
(1016,2039,'what do'),
(1016,2040,'why'),
(1016,2041,'star'),
(1016,2042,'how'),
(1016,2043,'what does'),
(1017,2044,'Pluto'),
(1018,2045,'Mars'),
(1019,2046,'Neptune'),
(1020,2047,'Venus'),
(1021,2048,'Jupiter'),
(1022,2049,'Uranus'),
(1023,2050,'Mercury'),
(1024,2051,'Saturn'),
(1025,2052,'behind'),
(1025,2053,'next'),
(1025,2054,'then'),
(1025,2055,'later'),
(1025,2056,'after'),
(1025,2057,'beyond'),
(1026,2058,'after'),
(1027,2059,'drunk'),
(1028,2060,'biology'),
(1029,2061,'student'),
(1029,2062,'the students'),
(1029,2063,'students'),
(1029,2064,'college student'),
(1030,2065,'hard-working'),
(1030,2066,'diligent'),
(1031,2067,'supermarket'),
(1032,2068,'compare'),
(1033,2069,'in comparison to'),
(1033,2070,'than'),
(1034,2071,'almost'),
(1034,2072,'nearly'),
(1035,2073,'Saigon'),
(1036,2074,'book'),
(1037,2075,'morning'),
(1037,2076,'bright'),
(1037,2077,'light'),
(1037,2078,'the morning'),
(1038,2079,'flute'),
(1039,2080,'six'),
(1039,2081,'sixth'),
(1040,2082,'yard'),
(1040,2083,'ground'),
(1041,2084,'airport'),
(1041,2085,'airports'),
(1042,2086,'stadium'),
(1043,2087,'check'),
(1043,2088,'cheque'),
(1044,2089,'wolf'),
(1045,2090,'waves'),
(1046,2091,'river'),
(1046,2092,'water'),
(1047,2093,'gun'),
(1048,2094,'soup'),
(1049,2095,'product'),
(1050,2096,'produce'),
(1050,2097,'producing'),
(1050,2098,'produces'),
(1051,2099,'thunder'),
(1052,2100,'ready'),
(1053,2101,'are going to'),
(1053,2102,'are going to be'),
(1053,2103,'will be'),
(1053,2104,'am going to'),
(1053,2105,'will'),
(1053,2106,'is going to be'),
(1053,2107,'''ll'),
(1053,2108,'am going to be'),
(1053,2109,'be going to'),
(1053,2110,'ll'),
(1053,2111,'is going to'),
(1053,2112,'would'),
(1053,2113,'shall'),
(1054,2114,'number'),
(1055,2115,'amount'),
(1055,2116,'quantity'),
(1055,2117,'number'),
(1056,2118,'destiny'),
(1057,2119,'alive'),
(1057,2120,'live'),
(1057,2121,'living'),
(1057,2122,'lived'),
(1057,2123,'have lived'),
(1057,2124,'lives'),
(1057,2125,'raw'),
(1058,2126,'early'),
(1059,2127,'own'),
(1059,2128,'owns'),
(1060,2129,'zoo'),
(1061,2130,'scared'),
(1061,2131,'afraid'),
(1061,2132,'frightened'),
(1061,2133,'terrified'),
(1061,2134,'fright'),
(1062,2135,'string'),
(1063,2136,'collapse'),
(1064,2137,'health'),
(1065,2138,'strength'),
(1066,2139,'horn'),
(1067,2140,'using'),
(1067,2141,'use'),
(1067,2142,'uses'),
(1067,2143,'used'),
(1068,2144,'repair'),
(1068,2145,'fix'),
(1069,2146,'milk'),
(1070,2147,'(classifier)'),
(1071,2148,'protection'),
(1072,2149,'beginning'),
(1073,2150,'attempt'),
(1073,2151,'effort'),
(1073,2152,'efforts'),
(1074,2153,'wealth'),
(1074,2154,'richness'),
(1075,2155,'patience'),
(1076,2156,'event'),
(1077,2157,'politeness'),
(1078,2158,'choice'),
(1079,2159,'seriousness'),
(1080,2160,'career'),
(1081,2161,'complexity'),
(1082,2162,'fear'),
(1083,2163,'change'),
(1084,2164,'success'),
(1085,2165,'friendliness'),
(1086,2166,'truth'),
(1087,2167,'treatment'),
(1088,2168,'simplicity'),
(1089,2169,'investment'),
(1090,2170,'agreement'),
(1091,2171,'support'),
(1092,2172,'ear'),
(1093,2173,'accident'),
(1094,2174,'forgive'),
(1095,2175,'participate'),
(1095,2176,'join'),
(1095,2177,'in'),
(1096,2178,'greedy'),
(1097,2179,'corruption'),
(1098,2180,'ladder'),
(1099,2181,'change'),
(1099,2182,'changes'),
(1100,2183,'follow'),
(1100,2184,'takes'),
(1100,2185,'follows'),
(1100,2186,'following'),
(1100,2187,'according'),
(1101,2188,'galaxy'),
(1102,2189,'nature'),
(1103,2190,'millennium'),
(1103,2191,'millenniums'),
(1104,2192,'meteorite'),
(1105,2193,'angel'),
(1106,2194,'astronomy'),
(1107,2195,'heaven'),
(1108,2196,'equipment'),
(1109,2197,'armored'),
(1110,2198,'design'),
(1111,2199,'card'),
(1112,2200,'damage'),
(1113,2201,'satisfied'),
(1113,2202,'satisfy'),
(1114,2203,'deal'),
(1115,2204,'autumn'),
(1115,2205,'fall'),
(1116,2206,'attract'),
(1117,2207,'valley'),
(1118,2208,'theory'),
(1119,2209,'captain'),
(1120,2210,'tax'),
(1120,2211,'taxes'),
(1121,2212,'medicine'),
(1122,2213,'tobacco'),
(1123,2214,'belong'),
(1124,2215,'colonies'),
(1124,2216,'colony'),
(1124,2217,'colonial'),
(1125,2218,'Switzerland'),
(1126,2219,'Sweden'),
(1127,2220,'sailor'),
(1128,2221,'would rather'),
(1129,2222,'successful'),
(1129,2223,'succeed'),
(1129,2224,'success'),
(1129,2225,'succeeds'),
(1130,2226,'city'),
(1131,2227,'achievement'),
(1132,2228,'member'),
(1132,2229,'members'),
(1133,2230,'Thailand'),
(1134,2231,'attitude'),
(1135,2232,'months'),
(1135,2233,'month'),
(1135,2234,'months'''),
(1136,2235,'january'),
(1137,2236,'april'),
(1138,2237,'friendly'),
(1139,2238,'is'),
(1139,2239,'am'),
(1139,2240,'then'),
(1139,2241,'''s'),
(1139,2242,'does'),
(1139,2243,'be'),
(1139,2244,'are'),
(1139,2245,'was'),
(1139,2246,'were'),
(1140,2247,'experiment'),
(1141,2248,'like'),
(1141,2249,'likes'),
(1142,2250,'fit'),
(1142,2251,'suitable'),
(1143,2252,'notify'),
(1143,2253,'notifies'),
(1144,2254,'interpreter'),
(1145,2255,'smart'),
(1145,2256,'intelligent'),
(1146,2257,'information'),
(1147,2258,'visit'),
(1148,2259,'poetry'),
(1149,2260,'letter'),
(1150,2261,'secretary'),
(1151,2262,'library'),
(1152,2263,'usually'),
(1152,2264,'regularly'),
(1152,2265,'often'),
(1153,2266,'discuss'),
(1153,2267,'discusses'),
(1153,2268,'discussing'),
(1154,2269,'short'),
(1154,2270,'low'),
(1154,2271,'is short'),
(1155,2272,'fail'),
(1155,2273,'failure'),
(1156,2274,'disappointed'),
(1157,2275,'see'),
(1157,2276,'find (limited context)'),
(1157,2277,'sees'),
(1158,2278,'mythology'),
(1159,2279,'fortune-teller'),
(1159,2280,'diviner'),
(1160,2281,'even'),
(1161,2282,'decade'),
(1162,2283,'real'),
(1162,2284,'so'),
(1162,2285,'really'),
(1162,2286,'are'),
(1162,2287,'true'),
(1163,2288,'really'),
(1164,2289,'really'),
(1164,2290,'what'),
(1165,2291,'real'),
(1165,2292,'really'),
(1166,2293,'win'),
(1166,2294,'defeat'),
(1166,2295,'wins'),
(1167,2296,'belt'),
(1168,2297,'credit card'),
(1169,2298,'world'),
(1170,2299,'generation'),
(1171,2300,'century'),
(1172,2301,'how'),
(1172,2302,'how were'),
(1172,2303,'how was'),
(1172,2304,'how is'),
(1172,2305,'how do'),
(1172,2306,'how does'),
(1172,2307,'how did'),
(1173,2308,'sports'),
(1174,2309,'volume'),
(1175,2310,'eyesight'),
(1175,2311,'sight'),
(1175,2312,'vision'),
(1176,2313,'visa'),
(1177,2314,'market'),
(1178,2315,'mayor'),
(1179,2316,'town'),
(1180,2317,'meat'),
(1181,2318,'rabbit'),
(1181,2319,'rabbits'),
(1181,2320,'bunny'),
(1182,2321,'unified'),
(1182,2322,'unify'),
(1183,2323,'Turkey'),
(1184,2324,'worship'),
(1185,2325,'time'),
(1186,2326,'the news'),
(1187,2327,'climate'),
(1187,2328,'weather'),
(1188,2329,'fashion'),
(1189,2330,'hairdresser'),
(1190,2331,'carpenter'),
(1191,2332,'librarian'),
(1192,2333,'capital'),
(1193,2334,'things'),
(1193,2335,'thing'),
(1193,2336,'stuff'),
(1194,2337,'wednesday'),
(1194,2338,'fourth'),
(1195,2339,'stay up late'),
(1196,2340,'stay up all night'),
(1197,2341,'food'),
(1198,2342,'try'),
(1198,2343,'tries'),
(1198,2344,'try (sth) on'),
(1198,2345,'tasted'),
(1199,2346,'challenge'),
(1199,2347,'challenges'),
(1200,2348,'plants'),
(1201,2349,'menu'),
(1202,2350,'believe'),
(1202,2351,'trust'),
(1203,2352,'message'),
(1204,2353,'television'),
(1204,2354,'televisions'),
(1204,2355,'tv'),
(1205,2356,'hour'),
(1205,2357,'hours'),
(1205,2358,'classifier for languages'),
(1205,2359,'language'),
(1206,2360,'continue'),
(1206,2361,'continues'),
(1206,2362,'keep'),
(1207,2363,'money'),
(1208,2364,'cash'),
(1209,2365,'currency'),
(1210,2366,'battalion'),
(1211,2367,'bakery'),
(1211,2368,'cake shop'),
(1212,2369,'convenient'),
(1213,2370,'building'),
(1214,2371,'court'),
(1215,2372,'globalization'),
(1216,2373,'math'),
(1217,2374,'shine'),
(1218,2375,'boy'),
(1219,2376,'equip'),
(1220,2377,'bamboo'),
(1221,2378,'philosophy'),
(1222,2379,'dynasty'),
(1223,2380,'million'),
(1223,2381,'millions'),
(1224,2382,'inside'),
(1224,2383,'for'),
(1224,2384,'at'),
(1224,2385,'on'),
(1224,2386,'of'),
(1224,2387,'clear'),
(1224,2388,'during'),
(1224,2389,'in'),
(1224,2390,'within'),
(1225,2391,'while'),
(1226,2392,'China'),
(1227,2393,'honest'),
(1228,2394,'center'),
(1228,2395,'central'),
(1229,2396,'shopping mall'),
(1229,2397,'mall'),
(1230,2398,'legend'),
(1230,2399,'legends'),
(1231,2400,'media'),
(1232,2401,'traditional'),
(1232,2402,'tradition'),
(1233,2403,'tale of Kieu'),
(1234,2404,'tea'),
(1235,2405,'responsibility'),
(1236,2406,'(classifier for fruits)'),
(1236,2407,'the'),
(1236,2408,'left'),
(1237,2409,'fruit'),
(1238,2410,'heart'),
(1239,2411,'Earth'),
(1240,2412,'buffalo'),
(1241,2413,'on'),
(1241,2414,'over'),
(1241,2415,'top'),
(1241,2416,'above'),
(1241,2417,'in'),
(1241,2418,'upper'),
(1242,2419,'level'),
(1243,2420,'game'),
(1244,2421,'be sick'),
(1245,2422,'hundred'),
(1246,2423,'noon'),
(1247,2424,'ago'),
(1247,2425,'in front of'),
(1247,2426,'before'),
(1247,2427,'last'),
(1247,2428,'prior'),
(1247,2429,'previous'),
(1247,2430,'advance'),
(1247,2431,'front'),
(1248,2432,'before'),
(1249,2433,'school'),
(1250,2434,'case'),
(1251,2435,'emergency'),
(1251,2436,'emergencies'),
(1252,2437,'mature'),
(1252,2438,'adult'),
(1253,2439,'station'),
(1253,2440,'stations'),
(1254,2441,'bus station'),
(1254,2442,'bus stop'),
(1255,2443,'condition'),
(1255,2444,'states'),
(1255,2445,'state'),
(1256,2446,'answer'),
(1256,2447,'respond'),
(1256,2448,'answers'),
(1256,2449,'reply'),
(1257,2450,'betel'),
(1258,2451,'battle'),
(1259,2452,'match'),
(1260,2453,'white'),
(1261,2454,'young'),
(1262,2455,'weight'),
(1263,2456,'referee'),
(1264,2457,'evade tax'),
(1265,2458,'empty'),
(1266,2459,'bronze drum'),
(1267,2460,'grow'),
(1267,2461,'planting'),
(1267,2462,'growing'),
(1267,2463,'grows'),
(1267,2464,'planted'),
(1267,2465,'plant'),
(1267,2466,'grown'),
(1268,2467,'mix'),
(1269,2468,'it'),
(1269,2469,'the weather'),
(1269,2470,'it''s'),
(1269,2471,'God'),
(1269,2472,'sky'),
(1269,2473,'it was'),
(1270,2474,'return'),
(1270,2475,'returns'),
(1271,2476,'become'),
(1271,2477,'becomes'),
(1272,2478,'become'),
(1272,2479,'get'),
(1272,2480,'becoming'),
(1272,2481,'be'),
(1273,2482,'return'),
(1273,2483,'get back'),
(1274,2484,'headquarters'),
(1275,2485,'egg'),
(1276,2486,'unless'),
(1277,2487,'punish'),
(1278,2488,'helicopter'),
(1279,2489,'online'),
(1280,2490,'although'),
(1280,2491,'however'),
(1280,2492,'despite'),
(1281,2493,'however'),
(1282,2494,'declare'),
(1283,2495,'declare war'),
(1284,2496,'propagandize'),
(1284,2497,'propagandizing'),
(1285,2498,'wonderful'),
(1286,2499,'absolute'),
(1287,2500,'week'),
(1287,2501,'weeks'),
(1288,2502,'age'),
(1289,2503,'account'),
(1290,2504,'driver'),
(1291,2505,'devastate'),
(1292,2506,'invisible'),
(1293,2507,'warship'),
(1294,2508,'train'),
(1295,2509,'submarine'),
(1296,2510,'ship'),
(1297,2511,'spaceship'),
(1298,2512,'author'),
(1299,2513,'cup'),
(1300,2514,'eight'),
(1301,2515,'apple'),
(1302,2516,'mind'),
(1303,2517,'west'),
(1303,2518,'western'),
(1304,2519,'Western backpacker'),
(1305,2520,'Spain'),
(1305,2521,'Spanish'),
(1306,2522,'rhino'),
(1307,2523,'name'),
(1307,2524,'first name'),
(1307,2525,'title'),
(1308,2526,'missile'),
(1309,2527,'looking for'),
(1309,2528,'find'),
(1309,2529,'look for'),
(1309,2530,'get'),
(1309,2531,'seek'),
(1309,2532,'search for'),
(1309,2533,'hold'),
(1310,2534,'learn about'),
(1310,2535,'get to know'),
(1310,2536,'learn'),
(1311,2537,'find'),
(1311,2538,'finds'),
(1311,2539,'find out'),
(1312,2540,'friendship'),
(1313,2541,'case'),
(1313,2542,'situation'),
(1314,2543,'situation'),
(1315,2544,'love'),
(1316,2545,'positive'),
(1317,2546,'purple'),
(1317,2547,'violet'),
(1318,2548,'signal'),
(1319,2549,'characteristic'),
(1319,2550,'character'),
(1319,2551,'personality'),
(1320,2552,'humanity'),
(1321,2553,'practicality'),
(1322,2554,'curious'),
(1323,2555,'hair'),
(1324,2556,'I'),
(1325,2557,'religion'),
(1326,2558,'respect'),
(1326,2559,'respects'),
(1327,2560,'prison'),
(1327,2561,'jail'),
(1327,2562,'bars'),
(1328,2563,'prisoner'),
(1329,2564,'bag'),
(1330,2565,'gaining'),
(1330,2566,'rise'),
(1330,2567,'increasing'),
(1330,2568,'increase'),
(1330,2569,'increases'),
(1330,2570,'boost'),
(1330,2571,'increased'),
(1330,2572,'grown'),
(1331,2573,'private'),
(1331,2574,'four (for 24 or higher)'),
(1331,2575,'four'),
(1332,2576,'capitalist'),
(1333,2577,'private'),
(1334,2578,'future'),
(1335,2579,'statue'),
(1335,2580,'statues'),
(1336,2581,'at'),
(1336,2582,'in'),
(1337,2583,'goodbye'),
(1337,2584,'bye'),
(1338,2585,'temporarily'),
(1338,2586,'temporary'),
(1339,2587,'create'),
(1339,2588,'creates'),
(1339,2589,'make'),
(1339,2590,'created'),
(1340,2591,'magazine'),
(1341,2592,'classifier for pieces of cloth'),
(1341,2593,'sheet'),
(1341,2594,'CLr for sheet-like things'),
(1342,2595,'attack'),
(1343,2596,'socks'),
(1344,2597,'all'),
(1344,2598,'whole'),
(1344,2599,'every'),
(1344,2600,'everything'),
(1345,2601,'vision'),
(1346,2602,'practice'),
(1347,2603,'concentrate'),
(1347,2604,'focus'),
(1348,2605,'corporation'),
(1349,2606,'takes a shower'),
(1349,2607,'bath'),
(1349,2608,'bathing'),
(1349,2609,'shower'),
(1349,2610,'took a shower'),
(1349,2611,'take a bath'),
(1349,2612,'take a shower'),
(1349,2613,'baths'),
(1350,2614,'off'),
(1350,2615,'turn off'),
(1350,2616,'close'),
(1351,2617,'gifts'),
(1351,2618,'gift'),
(1351,2619,'gift (verb)'),
(1351,2620,'give as gift'),
(1351,2621,'give'),
(1352,2622,'Tet'),
(1353,2623,'bad'),
(1354,2624,'speed'),
(1355,2625,'dark'),
(1355,2626,'evening'),
(1355,2627,'night'),
(1356,2628,'tonight'),
(1357,2629,'minimum'),
(1358,2630,'maximum'),
(1359,2631,'well'),
(1359,2632,'fine'),
(1359,2633,'great'),
(1359,2634,'nice'),
(1359,2635,'is good'),
(1359,2636,'good'),
(1359,2637,'beautifully'),
(1360,2638,'exist'),
(1360,2639,'exists'),
(1360,2640,'existing'),
(1361,2641,'organization'),
(1362,2642,'ancestry'),
(1362,2643,'ancestor'),
(1362,2644,'ancestors'),
(1363,2645,'totally'),
(1363,2646,'in total'),
(1364,2647,'president'),
(1365,2648,'criminal'),
(1365,2649,'criminals'),
(1366,2650,'sheet'),
(1367,2651,'paper'),
(1368,2652,'refrigerator'),
(1369,2653,'word'),
(1369,2654,'since'),
(1369,2655,'from'),
(1369,2656,'words'),
(1369,2657,'between'),
(1370,2658,'resign'),
(1371,2659,'dictionary'),
(1371,2660,'dictionaries'),
(1372,2661,'kind'),
(1372,2662,'gracious'),
(1373,2663,'astrology'),
(1373,2664,'astrology guide'),
(1374,2665,'self'),
(1374,2666,'by oneself'),
(1375,2667,'free'),
(1376,2668,'proud'),
(1377,2669,'by herself'),
(1377,2670,'by myself'),
(1377,2671,'by themselves'),
(1377,2672,'by yourself'),
(1377,2673,'by himself'),
(1377,2674,'by ourselves'),
(1378,2675,'confident'),
(1379,2676,'billion'),
(1380,2677,'exchange rate'),
(1381,2678,'rate'),
(1381,2679,'ratio'),
(1382,2680,'cancer'),
(1383,2681,'drink'),
(1383,2682,'has'),
(1383,2683,'drinks'),
(1384,2684,'committee'),
(1385,2685,'role'),
(1386,2686,'coastal'),
(1387,2687,'glorious'),
(1388,2688,'broke'),
(1388,2689,'in the red'),
(1389,2690,'write'),
(1389,2691,'writes'),
(1390,2692,'work'),
(1390,2693,'business'),
(1390,2694,'job'),
(1390,2695,'(nominalization)'),
(1391,2696,'sections'),
(1391,2697,'institute'),
(1391,2698,'institution'),
(1392,2699,'Vietnamese'),
(1393,2700,'Vietnam'),
(1393,2701,'Vietnamese'),
(1394,2702,'elephant'),
(1395,2703,'king'),
(1396,2704,'please'),
(1397,2705,'happy'),
(1398,2706,'and'),
(1399,2707,'yellow'),
(1399,2708,'gold'),
(1400,2709,'to go into'),
(1400,2710,'for'),
(1400,2711,'into'),
(1400,2712,'(preposition)'),
(1400,2713,'entering'),
(1400,2714,'at'),
(1400,2715,'on'),
(1400,2716,'to'),
(1400,2717,'visit'),
(1400,2718,'go to'),
(1400,2719,'enter'),
(1400,2720,'in'),
(1400,2721,'visits'),
(1401,2722,'skirt'),
(1402,2723,'yes'),
(1402,2724,'(politely)'),
(1403,2725,'obey'),
(1404,2726,'ticket'),
(1405,2727,'because'),
(1405,2728,'for'),
(1405,2729,'because of'),
(1406,2730,'wallet'),
(1406,2731,'purse'),
(1407,2732,'example'),
(1407,2733,'instance'),
(1407,2734,'examples'),
(1407,2735,'the example'),
(1408,2736,'meaningless'),
(1409,2737,'region'),
(1409,2738,'zone'),
(1410,2739,'document'),
(1410,2740,'text'),
(1411,2741,'culture'),
(1412,2742,'literature'),
(1413,2743,'office'),
(1414,2744,'violin'),
(1415,2745,'forever'),
(1416,2746,'weapon'),
(1417,2747,'(to) arm'),
(1418,2748,'universe'),
(1419,2749,'problem'),
(1419,2750,'problems'),
(1419,2751,'issue'),
(1419,2752,'matter'),
(1420,2753,'yet'),
(1420,2754,'still'),
(1421,2755,'velocity'),
(1422,2756,'athlete'),
(1423,2757,'matter'),
(1424,2758,'physics'),
(1425,2759,'object'),
(1426,2760,'then'),
(1426,2761,'so'),
(1426,2762,'indicate interrogation'),
(1427,2763,'but'),
(1428,2764,'so'),
(1428,2765,'therefore'),
(1428,2766,'then'),
(1429,2767,'parrot'),
(1430,2768,'glorious'),
(1431,2769,'beauty'),
(1432,2770,'draw'),
(1432,2771,'draws'),
(1432,2772,'drawing'),
(1433,2773,'for'),
(1433,2774,'toward'),
(1433,2775,'about'),
(1433,2776,'of'),
(1433,2777,'back'),
(1433,2778,'regarding'),
(1434,2779,'hygiene'),
(1435,2780,'satellite'),
(1436,2781,'(classifier)'),
(1436,2782,'(honorific)'),
(1437,2783,'position'),
(1438,2784,'gulf of Tonkin'),
(1439,2785,'duck'),
(1440,2786,'nonsensical'),
(1440,2787,'nonsense'),
(1440,2788,'absurd'),
(1441,2789,'with'),
(1441,2790,'plus'),
(1441,2791,'at'),
(1441,2792,'to'),
(1441,2793,'and'),
(1442,2794,'together'),
(1443,2795,'notebook'),
(1444,2796,'wife'),
(1444,2797,'spouse'),
(1445,2798,'just'),
(1446,2799,'solid'),
(1447,2800,'far'),
(1448,2801,'luxurious'),
(1449,2802,'blue'),
(1450,2803,'green'),
(1451,2804,'car'),
(1451,2805,'cars'),
(1451,2806,'bikes'),
(1452,2807,'bus'),
(1453,2808,'ambulance'),
(1454,2809,'car'),
(1455,2810,'motorcycle'),
(1456,2811,'taxi'),
(1456,2812,'taxis'),
(1456,2813,'(a) taxi'),
(1457,2814,'car'),
(1458,2815,'bike'),
(1458,2816,'bicycle'),
(1459,2817,'watching'),
(1459,2818,'look at'),
(1459,2819,'watched'),
(1459,2820,'see'),
(1459,2821,'look'),
(1459,2822,'watch'),
(1459,2823,'looks'),
(1459,2824,'sees'),
(1459,2825,'watches'),
(1459,2826,'check'),
(1459,2827,'checking'),
(1460,2828,'beg'),
(1460,2829,'ask for'),
(1460,2830,'please'),
(1460,2831,'begging'),
(1460,2832,'begged'),
(1461,2833,'hello'),
(1461,2834,'hi'),
(1462,2835,'apologize'),
(1462,2836,'sorry'),
(1462,2837,'excuse me'),
(1462,2838,'excuse'),
(1463,2839,'pretty'),
(1464,2840,'trend'),
(1465,2841,'around'),
(1466,2842,'spring'),
(1467,2843,'publish'),
(1467,2844,'publishing'),
(1468,2845,'appear'),
(1468,2846,'appears'),
(1469,2847,'export'),
(1469,2848,'exports'),
(1469,2849,'exporting'),
(1470,2850,'gray'),
(1470,2851,'grey'),
(1471,2852,'invade'),
(1472,2853,'build'),
(1472,2854,'hope'),
(1473,2855,'build'),
(1474,2856,'society'),
(1474,2857,'social'),
(1475,2858,'happen'),
(1476,2859,'bad'),
(1476,2860,'ugly'),
(1477,2861,'mean'),
(1478,2862,'deserve'),
(1479,2863,'nurse'),
(1480,2864,'quiet'),
(1481,2865,'quiet'),
(1482,2866,'love'),
(1482,2867,'loves'),
(1482,2868,'loving'),
(1483,2869,'ask'),
(1483,2870,'require'),
(1483,2871,'order'),
(1483,2872,'demands'),
(1483,2873,'demand'),
(1483,2874,'request'),
(1484,2875,'element'),
(1484,2876,'factor'),
(1485,2877,'Asian'),
(1486,2878,'haunted'),
(1486,2879,'possess'),
(1486,2880,'haunt'),
(1487,2881,'refer to'),
(1487,2882,'allude to'),
(1487,2883,'alluding'),
(1488,2884,'light'),
(1489,2885,'shirt'),
(1490,2886,'ao dai'),
(1491,2887,'sweater'),
(1492,2888,'sound'),
(1493,2889,'Europe'),
(1494,2890,'selfish'),
(1495,2891,'little'),
(1495,2892,'few'),
(1495,2893,'some'),
(1495,2894,'slight'),
(1496,2895,'umbrella'),
(1497,2896,'hug'),
(1498,2897,'grandfather'),
(1499,2898,'Australia'),
(1499,2899,'australian'),
(1500,2900,'idea'),
(1500,2901,'opinion'),
(1500,2902,'view'),
(1501,2903,'idea'),
(1501,2904,'ideas'),
(1502,2905,'eats'),
(1502,2906,'ate'),
(1502,2907,'eating'),
(1502,2908,'having'),
(1502,2909,'have'),
(1502,2910,'has'),
(1502,2911,'to eat'),
(1502,2912,'eat'),
(1502,2913,'eaten'),
(1503,2914,'ungrateful'),
(1504,2915,'repent'),
(1505,2916,'multi-national'),
(1505,2917,'multinational'),
(1506,2918,'passion'),
(1507,2919,'Denmark'),
(1508,2920,'is'),
(1508,2921,'am'),
(1508,2922,'(action is taking place)'),
(1508,2923,'are'),
(1508,2924,'gaining'),
(1509,2925,'shrewish'),
(1510,2926,'pain'),
(1510,2927,'sore'),
(1510,2928,'painful'),
(1510,2929,'aches'),
(1510,2930,'hurting'),
(1510,2931,'hurts'),
(1510,2932,'hurt'),
(1510,2933,'aching'),
(1510,2934,'ache'),
(1511,2935,'painful'),
(1512,2936,'threaten'),
(1513,2937,'black'),
(1514,2938,'travel'),
(1514,2939,'wear (refers to shoes)'),
(1514,2940,'to go'),
(1514,2941,'go'),
(1514,2942,'takes'),
(1514,2943,'riding'),
(1514,2944,'wears'),
(1514,2945,'take'),
(1514,2946,'leave'),
(1514,2947,'going'),
(1514,2948,'goes'),
(1514,2949,'on'),
(1514,2950,'rides'),
(1514,2951,'come'),
(1514,2952,'walk'),
(1514,2953,'gone'),
(1514,2954,'(imperative marker)'),
(1514,2955,'ride'),
(1514,2956,'went'),
(1515,2957,'travelling'),
(1515,2958,'traveling'),
(1515,2959,'travel'),
(1515,2960,'to travel'),
(1515,2961,'travels'),
(1515,2962,'traveled'),
(1516,2963,'let''s go'),
(1517,2964,'things'),
(1517,2965,'thing'),
(1517,2966,'that'),
(1518,2967,'investigate'),
(1519,2968,'wish'),
(1520,2969,'point'),
(1520,2970,'points'),
(1520,2971,'score'),
(1521,2972,'phone'),
(1521,2973,'telephone'),
(1522,2974,'measure'),
(1523,2975,'firefly'),
(1524,2976,'(classifier)'),
(1525,2977,'ferris wheel'),
(1526,2978,'papaya'),
(1527,2979,'tail'),
(1528,2980,'Taiwan'),
(1529,2981,'(classifier)'),
(1530,2982,'men'),
(1530,2983,'man'),
(1531,2984,'ice'),
(1532,2985,'wedding'),
(1533,2986,'admirable'),
(1534,2987,'appreciate'),
(1535,2988,'underestimate'),
(1536,2989,'answer'),
(1537,2990,'where'),
(1537,2991,'where is ... ?'),
(1537,2992,'which'),
(1537,2993,'what'),
(1537,2994,'where are ... ?'),
(1538,2995,'this'),
(1538,2996,'is here'),
(1538,2997,'these'),
(1538,2998,'here'),
(1538,2999,'it'),
(1538,3000,'are here'),
(1539,3001,'has been'),
(1539,3002,'have been'),
(1539,3003,'were'),
(1539,3004,'having'),
(1539,3005,'did'),
(1539,3006,'had'),
(1539,3007,'have'),
(1539,3008,'has'),
(1539,3009,'was'),
(1539,3010,'ve'),
(1540,3011,'used to'),
(1540,3012,'were'),
(1540,3013,'did'),
(1540,3014,'have'),
(1540,3015,'was'),
(1540,3016,'has'),
(1541,3017,'light'),
(1541,3018,'lamp'),
(1542,3019,'go on strike'),
(1542,3020,'strike'),
(1543,3021,'that'),
(1543,3022,'those'),
(1543,3023,'there'),
(1543,3024,'that''s'),
(1544,3025,'hungry'),
(1545,3026,'dollar'),
(1546,3027,'dollars'),
(1546,3028,'dollar'),
(1547,3029,'two'),
(1547,3030,'pair of'),
(1547,3031,'pairs'),
(1547,3032,'pair'),
(1547,3033,'couple'),
(1547,3034,'double'),
(1548,3035,'sometimes'),
(1549,3036,'winter'),
(1549,3037,'East'),
(1549,3038,'crowded'),
(1550,3039,'crowded'),
(1551,3040,'right'),
(1552,3041,'register'),
(1553,3042,'sign in'),
(1554,3043,'dish'),
(1554,3044,'plate'),
(1555,3045,'simple'),
(1556,3046,'handing'),
(1556,3047,'handed'),
(1556,3048,'take'),
(1556,3049,'puts'),
(1556,3050,'offer'),
(1556,3051,'took'),
(1556,3052,'give'),
(1556,3053,'giving'),
(1557,3054,'sugar'),
(1558,3055,'tunnel'),
(1559,3056,'street'),
(1559,3057,'streets'),
(1560,3058,'can'),
(1560,3059,'ok'),
(1560,3060,'for'),
(1560,3061,'get'),
(1560,3062,'yes'),
(1560,3063,'be'),
(1560,3064,'okay'),
(1560,3065,'sure'),
(1561,3066,'can ... ?'),
(1561,3067,'could'),
(1562,3068,'represent'),
(1563,3069,'ocean'),
(1564,3070,'university'),
(1564,3071,'universities'),
(1565,3072,'embassy'),
(1566,3073,'bullet'),
(1567,3074,'Confucianism'),
(1568,3075,'Buddhism'),
(1569,3076,'morality'),
(1570,3077,'party'),
(1571,3078,'island'),
(1572,3079,'soil'),
(1572,3080,'property'),
(1572,3081,'land'),
(1573,3082,'dress'),
(1574,3083,'head'),
(1575,3084,'cook'),
(1576,3085,'surrender'),
(1577,3086,'first'),
(1578,3087,'invest'),
(1579,3088,'dark'),
(1579,3089,'deep'),
(1580,3090,'smashes'),
(1580,3091,'break'),
(1580,3092,'smash'),
(1581,3093,'expensive'),
(1582,3094,'expensive'),
(1583,3095,'special'),
(1583,3096,'especially'),
(1584,3097,'make a reservation'),
(1584,3098,'reservation'),
(1585,3099,'beautiful'),
(1585,3100,'pretty'),
(1586,3101,'is'),
(1586,3102,'arrives'),
(1586,3103,'go'),
(1586,3104,'get to'),
(1586,3105,'get'),
(1586,3106,'arrive'),
(1586,3107,'come to'),
(1586,3108,'got'),
(1586,3109,'arrival'),
(1586,3110,'comes'),
(1586,3111,'to'),
(1586,3112,'come'),
(1586,3113,'coming'),
(1586,3114,'and'),
(1586,3115,'arrived'),
(1586,3116,'go to'),
(1586,3117,'came'),
(1586,3118,'reaching'),
(1587,3119,'are from'),
(1587,3120,'comes from'),
(1587,3121,'come from'),
(1587,3122,'am from'),
(1587,3123,'is from'),
(1587,3124,'from'),
(1588,3125,'subject'),
(1588,3126,'theme'),
(1589,3127,'both of'),
(1589,3128,'all'),
(1589,3129,'both'),
(1589,3130,'together'),
(1589,3131,'are'),
(1590,3132,'for'),
(1590,3133,'let'),
(1590,3134,'lets'),
(1590,3135,'puts'),
(1590,3136,'put'),
(1590,3137,'leave'),
(1590,3138,'leaves'),
(1590,3139,'letting'),
(1590,3140,'to'),
(1590,3141,'place'),
(1590,3142,'in order to'),
(1590,3143,'in order (for sb) to'),
(1590,3144,'keeping'),
(1591,3145,'address'),
(1592,3146,'terrain'),
(1593,3147,'geography'),
(1594,3148,'hell'),
(1595,3149,'definition'),
(1595,3150,'define'),
(1596,3151,'read'),
(1596,3152,'reads'),
(1597,3153,'red'),
(1598,3154,'face'),
(1599,3155,'VND'),
(1599,3156,'dong'),
(1599,3157,'bronze'),
(1600,3158,'plain'),
(1601,3159,'watch'),
(1601,3160,'clock'),
(1602,3161,'colleague'),
(1602,3162,'co-worker'),
(1603,3163,'agree'),
(1603,3164,'agrees'),
(1604,3165,'land'),
(1605,3166,'depth'),
(1606,3167,'independent'),
(1606,3168,'independence'),
(1607,3169,'wears'),
(1607,3170,'the team'),
(1607,3171,'team'),
(1607,3172,'wear'),
(1607,3173,'crew'),
(1608,3174,'animals'),
(1608,3175,'animal'),
(1609,3176,'wait'),
(1610,3177,'enough'),
(1611,3178,'child'),
(1611,3179,'children'),
(1611,3180,'baby'),
(1612,3181,'kid'),
(1612,3182,'child'),
(1613,3183,'Germany'),
(1614,3184,'stand'),
(1614,3185,'stands'),
(1614,3186,'stand/stands'),
(1614,3187,'standing'),
(1614,3188,'stood'),
(1615,3189,'do not'),
(1615,3190,'don''t'),
(1615,3191,'not'),
(1615,3192,'no'),
(1615,3193,'stop'),
(1616,3194,'(untranslated)'),
(1617,3195,'wishes'),
(1617,3196,'wish'),
(1618,3197,'photo'),
(1619,3198,'affect'),
(1620,3199,'India'),
(1621,3200,'frog'),
(1622,3201,'fine'),
(1623,3202,'stable'),
(1624,3203,'chili'),
(1624,3204,'peppers'),
(1624,3205,'chilli'),
(1624,3206,'pepper'),
(1625,3207,'stayed'),
(1625,3208,'stayed in'),
(1625,3209,'has stayed in'),
(1625,3210,'is'),
(1625,3211,'stay'),
(1625,3212,'am'),
(1625,3213,'be at'),
(1625,3214,'stay in'),
(1625,3215,'were'),
(1625,3216,'''s'),
(1625,3217,'be in'),
(1625,3218,'at'),
(1625,3219,'on'),
(1625,3220,'is at'),
(1625,3221,'am at'),
(1625,3222,'be'),
(1625,3223,'stay at'),
(1625,3224,'are'),
(1625,3225,'stays'),
(1625,3226,'staying'),
(1625,3227,'in'),
(1625,3228,'is in'),
(1625,3229,'are at'),
(1625,3230,'was'),
(1625,3231,'have stayed'),
(1626,3232,'to lodge'),
(1626,3233,'lodges'),
(1627,3234,'where'),
(1627,3235,'where does ... ?'),
(1627,3236,'where is ... ?'),
(1627,3237,'(indicate interrogation)'),
(1627,3238,'where do ... ?'),
(1628,3239,'here'),
(1629,3240,'boots'),
(1630,3241,'supports'),
(1630,3242,'support'),
(1631,3243,'candidate'),
(1631,3244,'candidates'),
(1632,3245,'application');

